asset,agent,RCSI,RCSI_z,p_value,actual_percentile,number_of_trades,null_dispersion,abs_null_dispersion,path_degenerate,bonferroni_significant
USDC-USD,breakout_volume_momentum,-0.0026591289344857,-2.1160541921820313,0.9780439121756488,2.3952095808383236,42.0,0.0012566450066874995,0.0012566450066874995,True,False
USDC-USD,random,-0.0034168833203497,-1.1286019610332187,0.8762475049900199,12.574850299401197,364.0,0.0030275362247479992,0.0030275362247479992,True,False
INTL,mean_reversion_vol_filter,0.0032187753395866,0.9195583039507816,0.1394302848575712,86.10694652673662,1.0,0.0035003493805204995,0.0035003493805204995,True,False
USDC-USD,trend_pullback,-0.0383964674954119,-10.360456444687085,1.0,0.1996007984031935,1032.0,0.0037060594482882926,0.0037060594482882926,True,False
INTL,volatility_squeeze_breakout,0.0032997068974126,0.7607341343831638,0.1989005497251374,80.15992003998001,1.0,0.004337529694376269,0.004337529694376269,True,False
INTL,uptrend_oversold_reversion,0.0114797132252901,1.487339616760354,0.0554722638680659,94.50274862568716,2.0,0.007718286459883732,0.007718286459883732,True,False
INTL,connors_rsi2_pullback,-0.0019822696932561,-0.2506535303979523,0.6106946526736632,38.980509745127435,5.0,0.007908405240129401,0.007908405240129401,True,False
RSPN,mean_reversion_vol_filter,-0.0057970815893415,-0.6450864100437216,0.7445109780439122,25.748502994011975,21.0,0.008986519478760365,0.008986519478760365,True,False
VTEB,mean_reversion_vol_filter,-0.0177318707519502,-1.5848495677696306,0.9481037924151696,5.389221556886228,29.0,0.0111883620455564,0.0111883620455564,False,False
INTL,donchian_trend_reentry,-0.0167040486818074,-1.1057620762798956,0.8780609695152424,12.243878060969514,7.0,0.015106367852661999,0.015106367852661999,False,False
INTL,trend_momentum_verification,0.0052295977869911,0.2895408387010991,0.3888055972013993,61.169415292353825,5.0,0.018061693163739696,0.018061693163739696,False,False
INTL,turn_of_month_seasonality,0.0352687295537905,1.928818034406811,0.0234882558720639,97.70114942528735,14.0,0.0182851512815915,0.0182851512815915,False,False
VTEB,breakout_volume_momentum,-0.0053459725080745,-0.2747856169924132,0.6287425149700598,37.3253493013972,27.0,0.01945506670468164,0.01945506670468164,False,False
INTL,adx_trend_following,-0.0076095811681782,-0.3708203234304226,0.6376811594202898,36.28185907046477,13.0,0.020520938814201736,0.020520938814201736,False,False
VTEB,trend_pullback,0.0296721892985924,1.4425324833061273,0.059880239520958,94.2115768463074,56.0,0.020569512050492598,0.020569512050492598,False,False
RSPN,breakout_volume_momentum,0.0078324352942997,0.324139694170999,0.3952095808383233,60.67864271457086,43.0,0.0241637646827905,0.0241637646827905,False,False
INTL,trend_pullback,0.0372210318285112,1.51054472029829,0.0669665167416291,93.35332333833082,10.0,0.024640800982814393,0.024640800982814393,False,False
INTL,random,-0.0196217598339104,-0.7741828633302986,0.7951024487756122,20.539730134932537,18.0,0.0253451229203183,0.0253451229203183,False,False
THB=X,mean_reversion_vol_filter,-0.0294900376217958,-1.1282597565147252,0.8718,12.82,93.0,0.02613763138454271,0.02613763138454271,False,False
INTL,breakout_volume_momentum,-0.0186519278667971,-0.6960742352058629,0.769615192403798,23.088455772113942,12.0,0.0267958888914784,0.0267958888914784,False,False
RSPN,trend_pullback,-0.0333692598322666,-1.1970563552611482,0.8902195608782435,11.177644710578845,59.0,0.0278760976336714,0.0278760976336714,False,False
NZDUSD=X,mean_reversion_vol_filter,0.0233565086719811,0.7927243071938981,0.2152,78.48,148.0,0.0294635959311743,0.0294635959311743,False,False
VTEB,random,-0.0070618073372811,-0.2346923911210541,0.6067864271457086,39.52095808383233,90.0,0.030089630531049585,0.030089630531049585,False,False
THB=X,trend_pullback,-0.0026092530465665,-0.0783553746609827,0.5246,47.54,427.0,0.033300243382867585,0.033300243382867585,False,False
NZDUSD=X,trend_pullback,-0.0294818138624424,-0.8279660144396901,0.7904,20.96,322.0,0.03560751691286948,0.03560751691286948,False,False
GC=F,volatility_squeeze_breakout,0.0548351265885374,1.5049750470754983,0.0533893221355728,94.68106378724256,4.0,0.0364359041667131,0.0364359041667131,False,False
RSPN,random,-0.053607330928033,-1.2654345543970256,0.8982035928143712,10.379241516966069,88.0,0.0423627841848974,0.0423627841848974,False,False
THB=X,breakout_volume_momentum,-0.010352100180538,-0.2349783819402435,0.5872,41.28,201.0,0.044055542876155325,0.044055542876155325,False,False
HEI,mean_reversion_vol_filter,0.0183506936658574,0.3817279288103913,0.3293413173652694,67.26546906187625,18.0,0.04807270383135211,0.04807270383135211,False,False
NZDUSD=X,breakout_volume_momentum,-0.0561145396034864,-1.1634241022114715,0.881,11.9,230.0,0.048232230617211894,0.048232230617211894,False,False
QQQ,mean_reversion_vol_filter,-0.0887404832255119,-1.779429768787945,0.9515242378810594,4.897551224387806,4.0,0.0498701802015807,0.0498701802015807,False,False
XLF,mean_reversion_vol_filter,-0.0426367426990211,-0.840063127300956,0.8005,19.95,34.0,0.05075421276494894,0.05075421276494894,False,False
THB=X,random,-0.0581674274854991,-1.0892230877901534,0.8654,13.46,361.0,0.05340267584991319,0.05340267584991319,False,False
SNAP,mean_reversion_vol_filter,0.0537799663727978,0.989679401279014,0.0858283433133732,91.61676646706589,3.0,0.0543407959216845,0.0543407959216845,False,False
NZDUSD=X,momentum_relative_strength,-0.0856537312311861,-1.4918766931305656,0.9402,5.9799999999999995,410.0,0.057413411996838457,0.057413411996838457,False,False
NZDUSD=X,random,-0.0970051934122226,-1.6042917213004504,0.952,4.8,367.0,0.060466056219245154,0.060466056219245154,False,False
AUDUSD=X,volatility_squeeze_breakout,0.0213876625984977,0.346805924123896,0.3653173413293353,63.51824087956022,10.0,0.0616704073107384,0.0616704073107384,False,False
VOO,mean_reversion_vol_filter,0.0117102400527806,0.1881469378276429,0.4377811094452773,56.271864067966014,8.0,0.062239865224424124,0.062239865224424124,False,False
GBPUSD=X,volatility_squeeze_breakout,0.0570214052164936,0.9145227683891808,0.1754122938530734,82.50874562718641,12.0,0.062350995718706684,0.062350995718706684,False,False
GBPUSD=X,connors_rsi2_pullback,-0.0482595633897272,-0.7518609223680524,0.769615192403798,23.088455772113942,48.0,0.0641868222619277,0.0641868222619277,False,False
CL=F,mean_reversion_vol_filter,0.0174148456320752,0.2649352912348671,0.3813237352529494,61.8876224755049,2.0,0.0657324494253082,0.0657324494253082,False,False
VXX,volatility_managed_tsmom,-0.1755717459690102,-2.61469823626176,1.0,0.0,4.0,0.06714799571671626,0.06714799571671626,False,False
THB=X,momentum_relative_strength,-0.175155675058491,-2.533444853845079,0.9966,0.3399999999999999,514.0,0.0691373545363154,0.0691373545363154,False,False
GBPUSD=X,uptrend_oversold_reversion,0.099279620587979,1.4324526753618407,0.0734632683658171,92.70364817591204,34.0,0.0693074349300236,0.0693074349300236,False,False
EURUSD=X,connors_rsi2_pullback,0.030172530647029,0.4257220608761495,0.3168415792103948,68.36581709145428,46.0,0.07087377756495158,0.07087377756495158,False,False
GM,mean_reversion_vol_filter,-0.0173866802662824,-0.2449498888335161,0.600199900049975,40.02998500749625,2.0,0.0709805599385249,0.0709805599385249,False,False
GC=F,mean_reversion_vol_filter,-0.0312430371338955,-0.4398660247927202,0.6624675064987002,33.77324535092981,13.0,0.07102852999073589,0.07102852999073589,False,False
TQQQ,mean_reversion_vol_filter,-0.0106920873458496,-0.1479247502409371,0.6072785442911418,39.29214157168566,2.0,0.07228058407017438,0.07228058407017438,False,False
XLF,trend_pullback,-0.0301381211037716,-0.4147608057931904,0.6525000000000001,34.75,86.0,0.07266385994726604,0.07266385994726604,False,False
EURUSD=X,volatility_squeeze_breakout,-0.0061209384899561,-0.0820319083701178,0.5272363818090955,47.32633683158421,17.0,0.0746165560642474,0.0746165560642474,False,False
NQ=F,mean_reversion_vol_filter,0.030201605241795,0.4033644276391281,0.3391321735652869,66.10677864427115,5.0,0.0748742406923771,0.0748742406923771,False,False
EURUSD=X,uptrend_oversold_reversion,-0.0180373052724322,-0.2189455864189383,0.5727136431784108,42.77861069465268,37.0,0.08238259362725392,0.08238259362725392,False,False
AAPL,mean_reversion_vol_filter,-0.060326780900652,-0.7316672273721923,0.8060387922415517,19.41611677664467,2.0,0.0824511179998012,0.0824511179998012,False,False
GBPUSD=X,donchian_trend_reentry,-0.1364190451894955,-1.6428444287545338,0.9495252373813092,5.097451274362818,24.0,0.0830383223157149,0.0830383223157149,False,False
PLTR,mean_reversion_vol_filter,-0.0467511263857945,-0.5547892097601327,0.716,28.4,2.0,0.08426826903502269,0.08426826903502269,False,False
AUDUSD=X,connors_rsi2_pullback,0.0341147515107419,0.3971427140867731,0.3453273363318341,65.51724137931035,49.0,0.08590048438679918,0.08590048438679918,False,False
ETH-USD,mean_reversion_vol_filter,-0.1324652954953041,-1.5384138745032552,0.9472105578884225,5.298940211957608,4.0,0.08610510974368088,0.08610510974368088,False,False
GC=F,connors_rsi2_pullback,0.0932297831528111,1.070952103266957,0.1427714457108578,85.74285142971407,41.0,0.0870531771387461,0.0870531771387461,False,False
GBPUSD=X,mean_reversion_vol_filter,-0.0618613192987521,-0.6972326046030247,0.7556221889055472,24.48775612193903,46.0,0.0887240770014956,0.0887240770014956,False,False
AUDUSD=X,uptrend_oversold_reversion,0.00972489894954,0.1059487466313961,0.4462768615692153,55.42228885557221,30.0,0.091788711605751,0.091788711605751,False,False
EURUSD=X,mean_reversion_vol_filter,-0.0212784686737553,-0.2285339250272363,0.5717141429285357,42.87856071964018,47.0,0.0931085775174052,0.0931085775174052,False,False
GC=F,uptrend_oversold_reversion,0.0327843450581637,0.3476960775011292,0.3409318136372725,65.92681463707258,30.0,0.09429023558097871,0.09429023558097871,False,False
ES=F,mean_reversion_vol_filter,0.112766485940682,1.1585146902899703,0.1114442778610694,88.9055472263868,16.0,0.0973371221667091,0.0973371221667091,False,False
SPY,mean_reversion_vol_filter,-0.0538070769342233,-0.5353694628737697,0.6946526736631684,30.584707646176913,16.0,0.1005045686494637,0.1005045686494637,False,False
EURUSD=X,donchian_trend_reentry,0.0113033942822605,0.1116649476961934,0.4357821089455272,56.47176411794103,26.0,0.10122598465736644,0.10122598465736644,False,False
AUDUSD=X,mean_reversion_vol_filter,0.0444498451381437,0.4153652932211905,0.3113443278360819,68.91554222888556,38.0,0.10701386433476821,0.10701386433476821,False,False
GBPUSD=X,breakout_volume_momentum,-0.194121900773459,-1.801830485710208,0.9735132433783108,2.6986506746626686,40.0,0.10773593981952419,0.10773593981952419,False,False
XLF,breakout_volume_momentum,-0.029463947372403,-0.2707529715568403,0.587,41.3,98.0,0.10882224931081694,0.10882224931081694,False,False
VOO,uptrend_oversold_reversion,0.0020321623591329,0.0178180043203342,0.487256371814093,51.324337831084456,38.0,0.11405106445135178,0.11405106445135178,False,False
GBPUSD=X,turn_of_month_seasonality,-0.0693879360862038,-0.6051605061564069,0.7271364317841079,27.33633183408296,101.0,0.11466038411348364,0.11466038411348364,False,False
EURUSD=X,turn_of_month_seasonality,-0.0276727902658762,-0.2409087530385246,0.5867066466766616,41.37931034482759,104.0,0.11486834711004021,0.11486834711004021,False,False
EURUSD=X,breakout_volume_momentum,0.0057650746848889,0.0500951213418854,0.464767616191904,53.573213393303355,50.0,0.11508255755173949,0.11508255755173949,False,False
USDJPY=X,trend_pullback,-0.2053857930312019,-1.7548697410224454,0.9714057188562288,2.8794241151769646,119.0,0.1170376286228158,0.1170376286228158,False,False
AUDUSD=X,breakout_volume_momentum,-0.0467626529291445,-0.3906227397017528,0.6336831584207896,36.68165917041479,30.0,0.11971308420203235,0.11971308420203235,False,False
AUDUSD=X,donchian_trend_reentry,0.0891253621547497,0.7374877182125045,0.2153923038480759,78.51074462768615,20.0,0.1208499612315829,0.1208499612315829,False,False
VOO,volatility_squeeze_breakout,-0.1103545794797249,-0.89279210534864,0.8180909545227386,18.24087956021989,14.0,0.12360613273638982,0.12360613273638982,False,False
HEI,trend_pullback,0.0387062219983716,0.3044739970329724,0.3672654690618762,63.47305389221557,65.0,0.12712488546002168,0.12712488546002168,False,False
GBPUSD=X,trend_pullback,0.140952474190113,1.0962831786857523,0.1404297851074462,86.00699650174913,49.0,0.12857305204581343,0.12857305204581343,False,False
DIA,mean_reversion_vol_filter,0.0608628010246748,0.4688939617078136,0.3003399320135972,69.98600279944012,65.0,0.1298007779903995,0.1298007779903995,False,False
XLF,random,0.0878776525547175,0.6671565901440835,0.329,67.1,121.0,0.13171967998658135,0.13171967998658135,False,False
XLF,volatility_managed_tsmom,-0.0141774365075415,-0.1074088611247453,0.5235000000000001,47.65,104.0,0.13199503615512448,0.13199503615512448,False,False
GBPUSD=X,adx_trend_following,-0.1078384147403442,-0.8052984720598695,0.7926036981509246,20.789605197401297,48.0,0.13391111306160158,0.13391111306160158,False,False
XLU,mean_reversion_vol_filter,-0.1368827587865632,-1.0195418169081971,0.850629874025195,14.957008598280344,51.0,0.1342590921887499,0.1342590921887499,False,False
GBPUSD=X,trend_momentum_verification,0.0238103982508186,0.1760412821459438,0.4052973513243378,59.52023988005997,43.0,0.1352546286903263,0.1352546286903263,False,False
EURUSD=X,trend_momentum_verification,0.1673346798663628,1.2353406971088534,0.1144427786106946,88.6056971514243,40.0,0.1354562998353303,0.1354562998353303,False,False
JPYUSD=X,mean_reversion_vol_filter,-0.0591129988123352,-0.4346953636244683,0.6511744127936032,34.93253373313343,70.0,0.1359871849551234,0.1359871849551234,False,False
AUDUSD=X,turn_of_month_seasonality,-0.0316300474938354,-0.2277319585301133,0.5722138930534733,42.82858570714643,90.0,0.13889156224708318,0.13889156224708318,False,False
USDJPY=X,mean_reversion_vol_filter,0.2022535654944844,1.4296469305429425,0.0779844031193761,92.22155568886222,142.0,0.1414709892166689,0.1414709892166689,False,False
MTUM,mean_reversion_vol_filter,-0.0153741950123863,-0.1074703415065453,0.5165,48.35,46.0,0.14305523548978358,0.14305523548978358,False,False
AUDUSD=X,trend_pullback,0.1258462929884167,0.8616955366629819,0.1904047976011994,81.00949525237381,37.0,0.1460449632543896,0.1460449632543896,False,False
JPYUSD=X,trend_momentum_verification,0.0476889890954492,0.3263537067204116,0.3383308345827086,66.21689155422288,42.0,0.14612669662828293,0.14612669662828293,False,False
HEI,breakout_volume_momentum,-0.1065100804841837,-0.7189839118026535,0.7684630738522954,23.353293413173652,52.0,0.1481397271006233,0.1481397271006233,False,False
VXX,mean_reversion_vol_filter,-0.0815313388075228,-0.547718371365537,0.695,30.5,9.0,0.148856315708845,0.148856315708845,False,False
EURUSD=X,trend_pullback,0.2583077368520989,1.7335160594084391,0.0499750124937531,95.05247376311844,59.0,0.14900798608133242,0.14900798608133242,False,False
EURUSD=X,adx_trend_following,-0.0286910652897505,-0.1893224837684727,0.5557221389305347,44.47776111944028,52.0,0.15154600086927625,0.15154600086927625,False,False
USDJPY=X,breakout_volume_momentum,0.0761450554424646,0.498500458380714,0.2939412117576485,70.625874825035,57.0,0.15274821549775028,0.15274821549775028,False,False
GBPUSD=X,random,-0.173224941466572,-1.0668982201396675,0.8735632183908046,12.693653173413294,210.0,0.16236313661100227,0.16236313661100227,False,False
AUDUSD=X,adx_trend_following,-0.0210811247184904,-0.1268528129864896,0.5317341329335332,46.87656171914043,44.0,0.16618570942321662,0.16618570942321662,False,False
GM,volatility_squeeze_breakout,-0.3766020592593184,-2.2115300852545423,0.993503248375812,0.6996501749125438,11.0,0.170290271776236,0.170290271776236,False,False
GC=F,breakout_volume_momentum,0.1563948146518752,0.9078918311237912,0.1757648470305939,82.44351129774046,46.0,0.1722615065919133,0.1722615065919133,False,False
BOTZ,mean_reversion_vol_filter,-0.2789897700050486,-1.5694507925968213,0.9645,3.55,33.0,0.1777626742558973,0.1777626742558973,False,False
ES=F,connors_rsi2_pullback,0.3599372554124069,2.0244578463864964,0.0349825087456271,96.55172413793105,86.0,0.1777943937211968,0.1777943937211968,False,False
JPYUSD=X,breakout_volume_momentum,-0.0858444680284727,-0.4796460927148107,0.6461769115442278,35.43228385807096,89.0,0.17897460092417422,0.17897460092417422,False,False
ES=F,uptrend_oversold_reversion,0.0162961535259291,0.088227085679996,0.4357821089455272,56.47176411794103,71.0,0.18470692305349462,0.18470692305349462,False,False
AUDUSD=X,trend_momentum_verification,-0.0540357442556721,-0.291781349499512,0.5897051474262869,41.07946026986507,38.0,0.18519259146740794,0.18519259146740794,False,False
XLF,momentum_relative_strength,-0.1813932714930907,-0.9620083797381828,0.838,16.2,293.0,0.1885568518046154,0.1885568518046154,False,False
DBA,trend_pullback,0.124210757674718,0.6550622970579687,0.235,76.5,120.0,0.18961671009395029,0.18961671009395029,False,False
GC=F,trend_momentum_verification,0.0606070379917921,0.3185636405923989,0.3447310537892421,65.54689062187562,35.0,0.19025095858111002,0.19025095858111002,False,False
SPY,connors_rsi2_pullback,0.3970435854856485,2.034570273858238,0.0304847576211894,97.0014992503748,103.0,0.1951486220884957,0.1951486220884957,False,False
EURUSD=X,random,-0.015941009137471,-0.0813569914650399,0.4922538730634682,50.82458770614693,210.0,0.195939019504194,0.195939019504194,False,False
HEI,random,0.2430863667291091,1.2405656689246465,0.1077844311377245,89.42115768463074,90.0,0.19594800405836033,0.19594800405836033,False,False
JPYUSD=X,trend_pullback,0.1117613241148743,0.5687603678596943,0.2508745627186406,74.96251874062968,63.0,0.19649984497943138,0.19649984497943138,False,False
DBA,mean_reversion_vol_filter,0.2043768522620054,1.0385451760503894,0.149,85.1,192.0,0.19679148964829352,0.19679148964829352,False,False
SPY,uptrend_oversold_reversion,0.1254916333065087,0.6326412239855989,0.2508745627186406,74.96251874062968,79.0,0.1983614544052623,0.1983614544052623,False,False
DBA,volatility_managed_tsmom,0.2589556466758101,1.3046599317565375,0.103,89.7,35.0,0.19848516871914926,0.19848516871914926,False,False
ES=F,volatility_squeeze_breakout,0.0020515373832566,0.0103178826382845,0.4772613693153423,52.32383808095952,25.0,0.19883317684234664,0.19883317684234664,False,False
ICLN,mean_reversion_vol_filter,-0.0876594677971186,-0.4365064256985403,0.634,36.6,102.0,0.20082056674615348,0.20082056674615348,False,False
GC=F,donchian_trend_reentry,-0.0922327636396205,-0.458855957331961,0.646870625874825,35.332933413317335,60.0,0.20100591953935204,0.20100591953935204,False,False
ARKK,mean_reversion_vol_filter,-0.3340362745722784,-1.6532422326915623,0.971,2.9,26.0,0.20204920245017596,0.20204920245017596,False,False
DBA,breakout_volume_momentum,0.2350765166259494,1.1494856838738885,0.128,87.2,63.0,0.20450582371214632,0.20450582371214632,False,False
USDJPY=X,trend_momentum_verification,0.2807040112266549,1.372558624610059,0.0889822035592881,91.12177564487102,56.0,0.2045114913079959,0.2045114913079959,False,False
NQ=F,volatility_squeeze_breakout,-0.1102839826369736,-0.5317942982691853,0.6940611877624475,30.613877224555093,19.0,0.20738090460148126,0.20738090460148126,False,False
COIN,volatility_managed_tsmom,0.0963077575176153,0.463042689584754,0.2965,70.35,83.0,0.2079889385662948,0.2079889385662948,False,False
DBA,random,-0.1381813919318828,-0.6497256033863064,0.7284999999999999,27.15,142.0,0.21267653792877314,0.21267653792877314,False,False
JPYUSD=X,random,-0.2776340213962706,-1.303497274136097,0.9280359820089956,7.246376811594203,279.0,0.2129916394188662,0.2129916394188662,False,False
DIA,trend_pullback,-0.0395385041421487,-0.1825033647324088,0.5328934213157368,46.73065386922616,125.0,0.21664534349885048,0.21664534349885048,False,False
QQQ,volatility_squeeze_breakout,-0.2313199348148157,-1.0621497841096206,0.8615692153923038,13.893053473263366,21.0,0.21778466490837417,0.21778466490837417,False,False
AUDUSD=X,random,0.1150232916970497,0.5141322781025642,0.2763618190904547,72.41379310344827,188.0,0.2237231479057296,0.2237231479057296,False,False
GC=F,turn_of_month_seasonality,0.1451387893303269,0.6452516813910344,0.2335532893421315,76.66466706658667,141.0,0.22493360887868824,0.22493360887868824,False,False
ICLN,trend_pullback,-0.0760024983111752,-0.3322134857073641,0.6014999999999999,39.85,102.0,0.22877607797692864,0.22877607797692864,False,False
SPY,volatility_squeeze_breakout,-0.0852132636502321,-0.365900868185166,0.6306846576711644,36.98150924537731,30.0,0.23288620241018257,0.23288620241018257,False,False
NQ=F,uptrend_oversold_reversion,0.1829873735608232,0.7781591125923043,0.2067586482703459,79.34413117376525,71.0,0.23515418710606883,0.23515418710606883,False,False
SNAP,trend_pullback,-0.0407409688164187,-0.1708708515033919,0.5449101796407185,45.70858283433134,48.0,0.23843135595078346,0.23843135595078346,False,False
USDJPY=X,random,0.053008238117744,0.2198391061544065,0.3739252149570086,62.62747450509898,196.0,0.24112287865887275,0.24112287865887275,False,False
NQ=F,connors_rsi2_pullback,0.551717818279934,2.2531298560685458,0.0267946410717856,97.34053189362128,106.0,0.2448672972815773,0.2448672972815773,False,False
VOO,breakout_volume_momentum,-0.2803223233500112,-1.129172701462234,0.8810594702648675,11.944027986006995,56.0,0.24825460532919802,0.24825460532919802,False,False
GM,uptrend_oversold_reversion,-0.0251025288507275,-0.1006168168848204,0.4932533733133433,50.72463768115942,28.0,0.24948641417928424,0.24948641417928424,False,False
QQQ,connors_rsi2_pullback,0.1945679952639927,0.7692168457772881,0.2008995502248875,79.960019990005,101.0,0.25294297223481,0.25294297223481,False,False
MTUM,breakout_volume_momentum,-0.0486089809079296,-0.1917875836115148,0.545,45.5,39.0,0.2534521786686255,0.2534521786686255,False,False
QQQ,uptrend_oversold_reversion,0.0477892635965628,0.1834147079588186,0.3963018490754623,60.41979010494752,74.0,0.2605530610298316,0.2605530610298316,False,False
BOTZ,random,0.0195645077041423,0.0743444931872384,0.4255,57.45,54.0,0.26316014630523626,0.26316014630523626,False,False
FXI,mean_reversion_vol_filter,-0.1755321068467583,-0.6590837290821348,0.732253549290142,26.79464107178564,53.0,0.2663274772254066,0.2663274772254066,False,False
COIN,mean_reversion_vol_filter,-0.1971008867697944,-0.7329031492120905,0.756,24.4,36.0,0.2689316957932139,0.2689316957932139,False,False
ICLN,volatility_managed_tsmom,0.0211379913406591,0.0780750934519445,0.433,56.7,40.0,0.2707392384188385,0.2707392384188385,False,False
AMD,trend_pullback,-0.3153162411030662,-1.1494297580436943,0.8922155688622755,10.978043912175648,57.0,0.27432406277677024,0.27432406277677024,False,False
EVLV,breakout_volume_momentum,0.0917742666850087,0.3337545712816768,0.3173652694610778,68.46307385229541,58.0,0.27497530994880226,0.27497530994880226,False,False
MTUM,random,-0.2043390645558704,-0.7402411275297355,0.7535000000000001,24.65,80.0,0.27604392265770467,0.27604392265770467,False,False
XLU,trend_pullback,0.0558692971304061,0.1953893478407965,0.3803239352129574,61.9876024795041,157.0,0.2859382957556544,0.2859382957556544,False,False
BOTZ,trend_pullback,-0.0593872867831914,-0.2076358329980193,0.546,45.4,72.0,0.2860165604640983,0.2860165604640983,False,False
BOTZ,volatility_managed_tsmom,-0.2891356776883534,-1.008927080436489,0.8454999999999999,15.45,24.0,0.2865773783802746,0.2865773783802746,False,False
MTUM,trend_pullback,-0.36564565773618,-1.266529716652998,0.9195,8.05,140.0,0.2886988381942238,0.2886988381942238,False,False
ICLN,random,-0.4177258504794884,-1.439402659780174,0.9625,3.75,134.0,0.2902077800407036,0.2902077800407036,False,False
VOO,trend_pullback,-0.054795017388024,-0.1782170378629138,0.5382308845577212,46.22688655672164,56.0,0.3074622833209294,0.3074622833209294,False,False
COIN,random,-0.0154415676957682,0.0496659998527396,0.428,57.2,121.0,-0.31090822175235916,0.31090822175235916,False,False
EVLV,trend_pullback,-0.1215573557427351,-0.3836830647361011,0.6107784431137725,39.12175648702595,57.0,0.31681709961929855,0.31681709961929855,False,False
VG,breakout_volume_momentum,-0.0796256572685293,-0.2465938321543044,0.5688622754491018,43.31337325349301,26.0,0.3229020635792062,0.3229020635792062,False,False
VG,trend_pullback,0.0870416937782774,0.2691732037241987,0.3273453093812375,67.46506986027944,27.0,0.32336686034863416,0.32336686034863416,False,False
DIA,breakout_volume_momentum,-0.2540661966992927,-0.7850243387100918,0.7792441511697661,22.095580883823235,72.0,0.323641171580438,0.323641171580438,False,False
ICLN,breakout_volume_momentum,0.2521373175606278,0.777709637970014,0.2015,79.85,59.0,0.3242049542021355,0.3242049542021355,False,False
ES=F,breakout_volume_momentum,-0.1097526178078245,-0.3379652569427004,0.6041979010494752,39.63018490754623,86.0,0.32474526760729217,0.32474526760729217,False,False
BOTZ,breakout_volume_momentum,0.0842406012554593,0.2589940596689904,0.3515,64.85,32.0,0.32526074676432243,0.32526074676432243,False,False
JPYUSD=X,momentum_relative_strength,-0.5356799282491023,-1.6268654645957503,0.9960019990004998,0.4497751124437781,525.0,0.329271190462089,0.329271190462089,False,False
CL=F,connors_rsi2_pullback,-0.2558338189040459,-0.765177942504047,0.7866426714657069,21.355728854229152,57.0,0.3343455223850664,0.3343455223850664,False,False
AMD,breakout_volume_momentum,0.1094625297075446,0.3167350175613084,0.313373253493014,68.8622754491018,74.0,0.34559655118132504,0.34559655118132504,False,False
FXI,trend_pullback,0.2579397786016059,0.7397285181879579,0.2043591281743651,79.58408318336333,83.0,0.3486951932493508,0.3486951932493508,False,False
SMH,mean_reversion_vol_filter,-0.1484985053926679,-0.4216886279908066,0.6265000000000001,37.35,107.0,0.3521520276707708,0.3521520276707708,False,False
GC=F,trend_pullback,-0.3642174351940813,-1.0315059362396548,0.8700259948010398,13.01739652069586,77.0,0.35309291240904783,0.35309291240904783,False,False
VG,random,0.0678422600361449,0.1911613012686448,0.3373253493013972,66.46706586826348,27.0,0.35489536630012836,0.35489536630012836,False,False
VXX,trend_pullback,-0.6106356109210691,-1.7130318159496147,0.9985,0.15,17.0,0.35646483926077277,0.35646483926077277,False,False
GC=F,adx_trend_following,0.3895288137895492,1.076303939927458,0.141371725654869,85.88282343531294,110.0,0.3619133957790799,0.3619133957790799,False,False
COIN,trend_pullback,0.0965703941559942,0.2640966848660576,0.328,67.2,111.0,0.36566303058658983,0.36566303058658983,False,False
PLTR,volatility_managed_tsmom,-0.2707743375801978,-0.7333674190099099,0.7495,25.05,15.0,0.3692205715189249,0.3692205715189249,False,False
ES=F,turn_of_month_seasonality,0.2897893169222537,0.7718721887742004,0.1964017991004497,80.40979510244878,195.0,0.3754369196569501,0.3754369196569501,False,False
TSM,volatility_squeeze_breakout,-0.0846251049752931,-0.2222370023202749,0.5377311344327836,46.27686156921539,32.0,0.3807876460344636,0.3807876460344636,False,False
ARKK,volatility_managed_tsmom,-0.228344940205655,-0.592574699097416,0.7115,28.85,31.0,0.38534372215597473,0.38534372215597473,False,False
MTUM,volatility_managed_tsmom,-0.422476512917424,-1.0836320719159434,0.8654999999999999,13.45,38.0,0.3898708093517882,0.3898708093517882,False,False
XLU,breakout_volume_momentum,-0.6816975508385272,-1.7424845591166185,0.99000199960008,1.0197960407918416,86.0,0.3912215733975428,0.3912215733975428,False,False
CL=F,volatility_squeeze_breakout,0.1194782194482783,0.2994692998303918,0.3227354529094181,67.74645070985802,24.0,0.3989665034644496,0.3989665034644496,False,False
EVLV,random,-0.355766014944964,-0.8868473489719303,0.8323353293413174,16.966067864271455,90.0,0.4011581196666851,0.4011581196666851,False,False
SNAP,breakout_volume_momentum,-0.452316613285798,-1.1163397785399976,0.906187624750499,9.580838323353294,77.0,0.4051782638054511,0.4051782638054511,False,False
SNAP,random,1.490198030161478,3.5605656345923364,0.0099800399201596,99.20159680638724,90.0,0.4185284539297916,0.4185284539297916,False,False
VOO,trend_momentum_verification,-0.2890932544573213,-0.6898555642996507,0.7351324337831084,26.536731634182907,47.0,0.41906345243560095,0.41906345243560095,False,False
BTC-USD,connors_rsi2_pullback,0.0092050117756614,0.0214970325092423,0.4337831084457771,56.67166416791605,43.0,0.42819918385032235,0.42819918385032235,False,False
GM,trend_momentum_verification,-0.2981927302737683,-0.6828956827520432,0.7376311844077961,26.286856571714143,24.0,0.4366592699371933,0.4366592699371933,False,False
CL=F,uptrend_oversold_reversion,0.1235778876803727,0.2816965354707781,0.3205358928214357,67.96640671865627,48.0,0.43869154256315696,0.43869154256315696,False,False
ES=F,trend_pullback,0.1130180013858093,0.2575407317732192,0.3533233383308345,64.7176411794103,116.0,0.438835444038921,0.438835444038921,False,False
AMD,random,-0.4799196792180528,-1.0632301166711782,0.8842315369261478,11.776447105788424,90.0,0.4513789364061778,0.4513789364061778,False,False
BTC-USD,volatility_squeeze_breakout,0.522525398471628,1.1574861748178094,0.1074462768615692,89.30534732633684,11.0,0.45143122210844083,0.45143122210844083,False,False
VOO,adx_trend_following,-0.4876311692460489,-1.0751173625385442,0.8695652173913043,13.093453273363318,73.0,0.4535608727354794,0.4535608727354794,False,False
SPY,breakout_volume_momentum,-0.0806266352055777,-0.173560237334952,0.5162418790604698,48.425787106446776,115.0,0.46454554593617686,0.46454554593617686,False,False
ES=F,donchian_trend_reentry,-0.4462107742262394,-0.9505513632795328,0.841079460269865,15.942028985507244,73.0,0.46942310690792227,0.46942310690792227,False,False
SPY,turn_of_month_seasonality,-0.0232169173932749,-0.0475571507114578,0.4427786106946527,55.77211394302849,235.0,0.488189831517415,0.488189831517415,False,False
FXI,trend_momentum_verification,0.1625681587194431,0.3248451648458015,0.3083383323335333,69.18616276744652,48.0,0.5004481405675576,0.5004481405675576,False,False
ARKK,trend_pullback,-0.1861887288809526,-0.3640985555894567,0.59,41.0,78.0,0.5113690401202572,0.5113690401202572,False,False
NQ=F,breakout_volume_momentum,-0.3412057704724353,-0.6664259837759221,0.7236552689462108,27.65446910617876,89.0,0.5119934978213,0.5119934978213,False,False
NQ=F,turn_of_month_seasonality,0.148879122518125,0.2832512708538056,0.3335332933413317,66.66666666666666,190.0,0.5256079595666349,0.5256079595666349,False,False
VXX,breakout_volume_momentum,-0.4060295351057688,-0.7604901788683489,0.8305,16.95,22.0,0.5339050343950043,0.5339050343950043,False,False
RKLB,trend_pullback,0.048060901032002,0.0881477678310046,0.3832335329341317,61.876247504990026,76.0,0.5452310615981059,0.5452310615981059,False,False
QQQ,breakout_volume_momentum,0.0464765279139647,0.0851166396615839,0.4077961019490255,59.2703648175912,98.0,0.5460333972152941,0.5460333972152941,False,False
COIN,momentum_relative_strength,-0.1753230429890808,-0.3206540679250405,0.5495,45.05,353.0,0.5467669383507281,0.5467669383507281,False,False
QQQ,turn_of_month_seasonality,0.3714625578074967,0.6759470022007452,0.1959020489755122,80.45977011494253,210.0,0.5495439089131109,0.5495439089131109,False,False
GM,trend_pullback,-0.4836635714103304,-0.8640493792670093,0.8185907046476761,18.190904547726134,57.0,0.5597638086617597,0.5597638086617597,False,False
TSM,uptrend_oversold_reversion,0.1107587673236393,0.1959960723184742,0.3473263368315842,65.31734132933533,58.0,0.56510707594011,0.56510707594011,False,False
PLTR,momentum_relative_strength,0.8416596395034092,1.481419948074837,0.082,91.8,39.0,0.5681438545479145,0.5681438545479145,False,False
ES=F,adx_trend_following,-0.6305883661319802,-1.1009769295497025,0.8855572213893054,11.494252873563218,92.0,0.5727534784855934,0.5727534784855934,False,False
FXI,breakout_volume_momentum,0.3260502662121193,0.5563086659008137,0.2205558888222355,77.96440711857629,76.0,0.5860959682951478,0.5860959682951478,False,False
ARKK,breakout_volume_momentum,0.0504222020468436,0.0828644729585399,0.376,62.4,43.0,0.6084899866806811,0.6084899866806811,False,False
SPY,trend_pullback,-0.1484261125861075,-0.2438172714591575,0.5397301349325337,46.07696151924038,132.0,0.6087596325634821,0.6087596325634821,False,False
COIN,breakout_volume_momentum,0.2666204674335887,0.4353566844085277,0.243,75.7,89.0,0.6124184536084871,0.6124184536084871,False,False
DIA,trend_momentum_verification,-0.7869788068341232,-1.284391246400371,0.9432113577284544,5.698860227954409,88.0,0.6127251404427634,0.6127251404427634,False,False
ES=F,trend_momentum_verification,-0.6333927023466912,-1.0190717716841982,0.8605697151424287,13.993003498250877,77.0,0.6215388552073193,0.6215388552073193,False,False
GM,adx_trend_following,-0.6474113390624875,-1.0349041512164692,0.8910544727636182,10.944527736131937,37.0,0.6255761350473794,0.6255761350473794,False,False
QQQ,trend_pullback,0.1504609146269421,0.2355012343937142,0.3388305847076461,66.16691654172914,109.0,0.6388965009644046,0.6388965009644046,False,False
XLU,trend_momentum_verification,0.0572141514395886,0.0883977062436291,0.3963207358528294,60.38792241551689,85.0,0.6472357018167774,0.6472357018167774,False,False
DIA,random,3.1810886865158285,4.7620002674811825,0.0013997200559888,99.88002399520096,181.0,0.6680152263406817,0.6680152263406817,False,False
XLU,random,0.0251581480409361,0.0374786389361646,0.4189162167566487,58.12837432513497,175.0,0.6712663200973401,0.6712663200973401,False,False
MRNA,trend_momentum_verification,0.9983810401824116,1.4773572661154992,0.0693861227754449,93.08138372325536,10.0,0.6757884927912613,0.6757884927912613,False,False
GC=F,random,-0.440796309304114,-0.6446380482453019,0.710257948410318,28.994201159768046,215.0,0.6837888494232647,0.6837888494232647,False,False
PLTR,random,-0.1203941715681867,-0.1760344462688708,0.495,50.5,26.0,0.6839239371611368,0.6839239371611368,False,False
GM,breakout_volume_momentum,-0.7989502732777047,-1.168123577005758,0.9400299850074962,6.046976511744128,69.0,0.6839604036806172,0.6839604036806172,False,False
VOO,random,-0.5362049306841145,-0.7839093527872111,0.7811094452773614,21.93903048475762,135.0,0.684013947247374,0.684013947247374,False,False
PLTR,trend_pullback,0.1307578097908519,0.182945864291017,0.3379999999999999,66.2,35.0,0.7147349862080066,0.7147349862080066,False,False
BTC-USD,uptrend_oversold_reversion,-0.4511709801797955,-0.6262569350680041,0.712143928035982,28.835582208895556,32.0,0.7204247249266847,0.7204247249266847,False,False
SPY,donchian_trend_reentry,-0.7276644064820459,-0.999666141515936,0.8515742128935532,14.89255372313843,103.0,0.7279074245513455,0.7279074245513455,False,False
TQQQ,breakout_volume_momentum,-0.5450030674002077,-0.7280885514458694,0.7640471905618876,23.61527694461108,19.0,0.7485395372828171,0.7485395372828171,False,False
NQ=F,donchian_trend_reentry,-0.8935675475012633,-1.1424585990087497,0.9122175564887024,8.798240351929614,87.0,0.7821443580332488,0.7821443580332488,False,False
NQ=F,trend_pullback,-0.4399669618763385,-0.5554205523538164,0.6776644671065787,32.25354929014197,119.0,0.7921330242674723,0.7921330242674723,False,False
BOTZ,momentum_relative_strength,0.9016892904827412,1.1310546022291277,0.12,88.0,77.0,0.7972111060824613,0.7972111060824613,False,False
QQQ,donchian_trend_reentry,-0.4736575914386062,-0.5933716126391102,0.703648175912044,29.68515742128935,94.0,0.7982478119098793,0.7982478119098793,False,False
CL=F,donchian_trend_reentry,-0.0467337988545304,-0.0583855789024433,0.4085182963407318,59.16816636672666,46.0,0.8004339381924789,0.8004339381924789,False,False
VXX,momentum_relative_strength,0.3539404523638292,0.4275614313192522,0.221,77.9,63.0,0.827811926982601,0.827811926982601,False,False
ETH-USD,trend_pullback,-0.9102804450250112,-1.0810880985913165,0.9582083583283344,4.199160167966406,54.0,0.842003946034674,0.842003946034674,False,False
SMH,breakout_volume_momentum,-0.5890496971405558,-0.6902975093587504,0.745,25.5,89.0,0.8533272815771152,0.8533272815771152,False,False
DBA,momentum_relative_strength,2.245370330462422,2.6272842255710382,0.0255,97.45,163.0,0.8546354858026038,0.8546354858026038,False,False
FXI,random,-0.9048408400032968,-1.0551907852031437,0.9348130373925216,6.53869226154769,137.0,0.8575139706409569,0.8575139706409569,False,False
SMH,trend_pullback,-0.8852305765591776,-1.023020971441948,0.903,9.7,262.0,0.8653102930152499,0.8653102930152499,False,False
CL=F,turn_of_month_seasonality,0.0583925851101169,0.0673077213962103,0.3569286142771445,64.32713457308539,141.0,0.8675466038492968,0.8675466038492968,False,False
RKLB,breakout_volume_momentum,-0.2208602549893926,-0.2517513943409142,0.5049900199600799,49.700598802395206,73.0,0.8772950615332452,0.8772950615332452,False,False
ARKK,random,0.0637796668409996,0.0703251323218772,0.4575,54.25,72.0,0.9069256570905677,0.9069256570905677,False,False
QQQ,trend_momentum_verification,0.9020615364494092,0.9794954261363036,0.136431784107946,86.40679660169916,87.0,0.92094512376404,0.92094512376404,False,False
SMH,random,-0.2374949719876581,-0.256653438929924,0.5115000000000001,48.85,192.0,0.9253527752359598,0.9253527752359598,False,False
ES=F,random,0.000160715653477,0.0001717403408335,0.4217891054472764,57.87106446776612,231.0,0.9358060703560133,0.9358060703560133,False,False
USDJPY=X,momentum_relative_strength,-0.2577065251793024,-0.2741641559483911,0.4731053789242151,52.70945810837833,174.0,0.9399716176895616,0.9399716176895616,False,False
BTC-USD,turn_of_month_seasonality,1.0977251257014606,1.1285732982393937,0.1189405297351324,88.1559220389805,56.0,0.9726662215152023,0.9726662215152023,False,False
SPY,adx_trend_following,-0.9009817684796092,-0.9206148267416931,0.84007996001999,16.041979010494753,138.0,0.9786739712507448,0.9786739712507448,False,False
SPY,trend_momentum_verification,-0.5023505453967201,-0.4927862542162476,0.6326836581709145,36.7816091954023,99.0,1.0194085997704705,1.0194085997704705,False,False
SMH,volatility_managed_tsmom,-0.688336636295509,-0.6548718245741638,0.723,27.7,79.0,1.0511013155026268,1.0511013155026268,False,False
ARKK,momentum_relative_strength,0.3266562862465924,0.3094654785880689,0.297,70.3,102.0,1.0555500010435939,1.0555500010435939,False,False
NQ=F,adx_trend_following,-1.1435495651874863,-1.0677044559864075,0.8942211557688462,10.597880423915216,108.0,1.0710356773129777,1.0710356773129777,False,False
MTUM,momentum_relative_strength,0.7997375694884628,0.7169220257816838,0.183,81.7,112.0,1.1155154127347147,1.1155154127347147,False,False
CL=F,adx_trend_following,0.326370603322242,0.2915945130300356,0.2655468906218756,73.46530693861227,71.0,1.119261813025351,1.119261813025351,False,False
RKLB,random,-0.8559708715357643,-0.7491782884947126,0.8023952095808383,19.960079840319363,90.0,1.1425462866197376,1.1425462866197376,False,False
QQQ,adx_trend_following,-0.3871900554438978,-0.3366743713587933,0.5612193903048476,43.92803598200899,112.0,1.1500431526202213,1.1500431526202213,False,False
NQ=F,trend_momentum_verification,-0.5188069925750076,-0.4447757110459759,0.6146770645870826,38.552289542091586,87.0,1.1664463226980917,1.1664463226980917,False,False
CL=F,trend_pullback,0.0133111412776494,0.0107311698027744,0.3693261347730454,63.08738252349531,95.0,1.2404184746203517,1.2404184746203517,False,False
PLTR,breakout_volume_momentum,-1.4120902392537715,-1.137405326329117,0.929,7.1,25.0,1.241501342191862,1.241501342191862,False,False
CL=F,breakout_volume_momentum,0.5605030247030808,0.4500152921012522,0.2229554089182163,77.7244551089782,96.0,1.245519951301942,1.245519951301942,False,False
CL=F,trend_momentum_verification,0.2602264029940125,0.2055961365558347,0.2823435312937412,71.78564287142571,63.0,1.2657164057328558,1.2657164057328558,False,False
TQQQ,trend_pullback,-1.3632916974234124,-1.0413490581394802,0.9462107578484305,5.398920215956808,92.0,1.309159197646108,1.309159197646108,False,False
MRNA,trend_pullback,0.1750666038483352,0.1248628653647414,0.2909418116376724,70.92581483703259,16.0,1.4020710107600194,1.4020710107600194,False,False
BTC-USD,trend_momentum_verification,3.516333034816797,2.4455929548814894,0.0299850074962518,97.05147426286857,34.0,1.4378243230534635,1.4378243230534635,False,False
GM,random,-0.7646588460459307,-0.5271910648395054,0.6496751624187906,35.08245877061469,130.0,1.4504396926353798,1.4504396926353798,False,False
MRNA,breakout_volume_momentum,-0.3821998211556401,-0.2575562907192181,0.4857028594281143,51.449710057988405,28.0,1.4839467523326988,1.4839467523326988,False,False
QQQ,random,-1.1876306460868693,-0.7504922565903865,0.8105947026486756,18.990504747626183,226.0,1.5824688871307966,1.5824688871307966,False,False
ICLN,momentum_relative_strength,0.7543599898500641,0.4609397175505164,0.236,76.4,166.0,1.636569731631752,1.636569731631752,False,False
NQ=F,random,3.4242455514750247,2.034150572886915,0.0463907218556288,95.38092381523695,227.0,1.6833786038834153,1.6833786038834153,False,False
BTC-USD,donchian_trend_reentry,3.9088935481832583,2.316051880722893,0.0284857571214392,97.20139930034982,34.0,1.687740063475263,1.687740063475263,False,False
ETH-USD,trend_momentum_verification,-0.4204336501610036,-0.2180541127874989,0.4575084983003399,54.26914617076585,30.0,1.9281161212067135,1.9281161212067135,False,False
ETH-USD,breakout_volume_momentum,1.439656140992524,0.7042483922269933,0.1421715656868626,85.80283943211357,45.0,2.044244838728001,2.044244838728001,False,False
VXX,random,-0.002024996038344,0.0009711939102001,0.363,63.7,46.0,-2.085058418381948,2.085058418381948,False,False
TSM,breakout_volume_momentum,-1.7906930176684792,-0.8585778815974906,0.8930534732633684,10.74462768615692,116.0,2.0856500686189037,2.0856500686189037,False,False
SPY,random,0.1304278484071548,0.0591897587249768,0.3868065967016492,61.36931534232883,310.0,2.203554317786348,2.203554317786348,False,False
TSM,trend_pullback,-1.5676092108236652,-0.685394962981094,0.8130934532733634,18.74062968515742,107.0,2.2871618489949515,2.2871618489949515,False,False
MRNA,random,-0.5704518731139347,-0.2314839477494404,0.4533093381323735,54.68906218756248,50.0,2.4643258362406852,2.4643258362406852,False,False
DIA,momentum_relative_strength,-2.564364293840426,-1.0382164248776429,0.93001399720056,7.018596280743851,222.0,2.469970838828373,2.469970838828373,False,False
USDC-USD,momentum_relative_strength,-1.211663544958603,-0.4452785737180276,0.6586826347305389,34.3313373253493,376.0,2.7211359730187428,2.7211359730187428,False,False
CL=F,random,-2.1402945564602085,-0.772135090526851,0.9592081583683264,4.0991801639672065,226.0,2.7719172237073453,2.7719172237073453,False,False
XLU,momentum_relative_strength,-3.024467398870564,-1.0514695855078977,0.9588082383523296,4.139172165566887,233.0,2.8764192902542565,2.8764192902542565,False,False
TSM,trend_momentum_verification,-1.8401523984689856,-0.5563331617571854,0.6981509245377311,30.23488255872064,93.0,3.3076446362766525,3.3076446362766525,False,False
ETH-USD,random,4.732329022946294,1.400546237023985,0.0627874425114977,93.74125174965006,64.0,3.378916666829937,3.378916666829937,False,False
SMH,momentum_relative_strength,-0.2568621035820862,-0.0699193543176303,0.3875,61.25,249.0,3.6736910128662035,3.6736910128662035,False,False
TQQQ,trend_momentum_verification,-3.3692052893216236,-0.8848821922874355,0.9496100779844032,5.0589882023595285,54.0,3.8075184682066783,3.8075184682066783,False,False
NVAX,trend_momentum_verification,-1.5632116193617964,-0.3856948840113435,0.8375812093953023,16.291854072963517,44.0,4.05297473252412,4.05297473252412,False,False
BTC-USD,adx_trend_following,24.095931568063264,4.836021499204898,0.0069965017491254,99.3503248375812,69.0,4.982593971516655,4.982593971516655,False,False
TSM,adx_trend_following,-1.76075245671126,-0.3390196668575041,0.527736131934033,47.276361819090454,127.0,5.193658742669153,5.193658742669153,False,False
TQQQ,random,6.631172185498376,1.1608527530829955,0.0909818036392721,90.92181563687262,96.0,5.712328430877467,5.712328430877467,False,False
BTC-USD,breakout_volume_momentum,21.05385253970792,3.3168250219862356,0.0199900049975012,98.05097451274362,93.0,6.347592170267729,6.347592170267729,False,False
AAPL,random,-6.280646629711935,-0.8192320687399332,1.0,0.01999600079984,165.0,7.666504851759824,7.666504851759824,False,False
NVDA,breakout_volume_momentum,-5.59901488138834,-0.6444365762942554,0.9495252373813092,5.097451274362818,123.0,8.688232616442583,8.688232616442583,False,False
AAPL,trend_momentum_verification,-7.3801390271199985,-0.6069439327687617,0.8664267146570686,13.377324535092985,124.0,12.15950704615041,12.15950704615041,False,False
NVDA,trend_pullback,-6.560525195525386,-0.5309604123777896,0.9240379810094952,7.646176911544228,100.0,12.355959206347448,12.355959206347448,False,False
NVAX,breakout_volume_momentum,-3.0279004468267137,-0.2291722464467174,0.9645177411294352,3.598200899550225,115.0,13.212334799583601,13.212334799583601,False,False
MRNA,momentum_relative_strength,-2.570729423159218,-0.1873053217268941,0.902619476104779,9.758048390321935,296.0,13.724807172897862,13.724807172897862,False,False
TSM,random,-10.117856958355022,-0.6845215213788577,0.942528735632184,5.797101449275362,250.0,14.780918703584714,14.780918703584714,False,False
AAPL,breakout_volume_momentum,-10.258161893648342,-0.666848666504235,0.999000199960008,0.1199760047990401,235.0,15.383043273406912,15.383043273406912,False,False
NVDA,random,-10.862219395974336,-0.6929738451577183,1.0,0.0499750124937531,150.0,15.674789852280982,15.674789852280982,False,False
AAPL,trend_pullback,-9.536825353436994,-0.6052838738379389,0.9992001599680064,0.0999800039992001,176.0,15.755954793519612,15.755954793519612,False,False
BTC-USD,trend_pullback,-9.402108030857514,-0.5914126044683707,0.8650674662668666,13.543228385807096,54.0,15.897713305094678,15.897713305094678,False,False
RSPN,momentum_relative_strength,-8.61680217978843,-0.5138695543846583,0.9620758483033932,3.992015968063872,304.0,16.76846216372317,16.76846216372317,False,False
RKLB,momentum_relative_strength,-8.617871993204398,-0.5138070390051078,0.9620758483033932,3.992015968063872,304.0,16.77258452879764,16.77258452879764,False,False
VG,momentum_relative_strength,-8.618219418433334,-0.5138224767518037,0.9620758483033932,3.992015968063872,304.0,16.77275675621382,16.77275675621382,False,False
EVLV,momentum_relative_strength,-8.621110229457278,-0.5139611315952421,0.9620758483033932,3.992015968063872,304.0,16.773856425093694,16.773856425093694,False,False
HEI,momentum_relative_strength,-8.623341070539878,-0.5140510035320941,0.9620758483033932,3.992015968063872,304.0,16.775263565848658,16.775263565848658,False,False
VTEB,momentum_relative_strength,-8.62211188926946,-0.5139101372418631,0.9620758483033932,3.992015968063872,304.0,16.77746995913336,16.77746995913336,False,False
SNAP,momentum_relative_strength,-8.622734054249284,-0.5139354094372804,0.9620758483033932,3.992015968063872,304.0,16.77785553575791,16.77785553575791,False,False
AMD,momentum_relative_strength,-8.625545574535039,-0.514049965457291,0.9620758483033932,3.992015968063872,304.0,16.779585943288385,16.779585943288385,False,False
NVDA,trend_momentum_verification,-4.535535308104687,-0.2646370747848922,0.456271864067966,54.42278860569715,85.0,17.138699525723503,17.138699525723503,False,False
ETH-USD,momentum_relative_strength,-0.7335653016059096,-0.0408233205863299,0.24875024995001,75.14497100579885,56.0,17.969270776359906,17.969270776359906,False,False
NVAX,trend_pullback,-0.7728287287184281,-0.0397603878671864,0.2063968015992004,79.41029485257371,76.0,19.43715265806627,19.43715265806627,False,False
BTC-USD,random,-11.055050343259854,-0.4739102772573791,0.7526236881559221,24.78760619690155,155.0,23.327306610098884,23.327306610098884,False,False
NVAX,random,-7.166060282096286,-0.1677594508992394,0.8545727136431784,14.592703648175911,281.0,42.716283605389265,42.716283605389265,False,False
TQQQ,momentum_relative_strength,-30.506766647183422,-0.515053851591252,0.951009798040392,4.919016196760648,152.0,59.230246610006255,59.230246610006255,False,False
ARK,volatility_managed_tsmom,-16.057182064839985,-0.1812504241493961,0.5235,47.65,12.0,88.5911420080585,88.5911420080585,False,False
FXI,momentum_relative_strength,-53.58830228151459,-0.512740738399493,0.944011197760448,5.618876224755049,205.0,104.51344757350294,104.51344757350294,False,False
ARK,breakout_volume_momentum,-82.18852942306712,-0.1469728951536247,0.997,0.3,29.0,559.2087529959783,559.2087529959783,False,False
ARK,random,-202.54224060006263,-0.1157194774498785,0.999,0.1,52.0,1750.286512378952,1750.286512378952,False,False
ARK,trend_pullback,-864.3238893303419,-0.0942592621621672,0.6405000000000001,35.95,36.0,9169.644123071177,9169.644123071177,False,False
ARK,momentum_relative_strength,-6650.022676508923,-0.0922093567041626,0.795,20.5,87.0,72118.74059423649,72118.74059423649,False,False
TSM,momentum_relative_strength,-253298.6043165584,-0.0559685104680311,0.9995002498750624,0.0999500249875062,1224.0,4525734.242315439,4525734.242315439,False,False
AAPL,momentum_relative_strength,-650872.3133561022,-0.0706899813943086,1.0,0.01999600079984,1548.0,9207419.50299205,9207419.50299205,False,False
NVDA,momentum_relative_strength,-43687216.57441779,-0.232917934689389,1.0,0.0499750124937531,1561.0,187564846.10202944,187564846.10202944,False,False
NVAX,momentum_relative_strength,-9453141.4352606,-0.0263584569698589,1.0,0.0499750124937531,1335.0,358637891.66681266,358637891.66681266,False,False
