agent,outer_run,seed_used,actual_cumulative_return,annualized_return,annualized_sharpe,trade_level_return_ratio,max_drawdown,median_simulated_return,mean_simulated_return,std_simulated_return,actual_percentile,p_value,p_value_prominence,RCSI,RCSI_z,significant_run,outperform_null_median,lower_5pct,upper_95pct,number_of_trades,transaction_cost,simulations_per_run,null_model,robustness_scope,research_grade
trend_pullback,1,101,0.25944854608499807,0.01177093752375118,0.27897790602833217,0.23116873537633886,-0.08037407228073423,-0.025545762733926964,-0.008117664143327775,0.14218752451350372,95.00998003992017,0.05189620758483034,1.2848643778964277,0.26756621022832583,1.8817840112471664,0,1,-0.22360170534255508,0.25377999428131537,59,0.00047,500,structure_preserving_random_timing,monte_carlo_seed_stability_only,False
breakout_volume_momentum,1,101,-0.02291052654148268,-0.001129386462723682,-0.019794642997659574,-0.019132452156471084,-0.10362959655155346,-0.0351216835694136,-0.030070320704325772,0.11993480307339484,53.69261477045908,0.46506986027944114,0.33248180484122675,0.007159794162843094,0.059697385407483546,0,1,-0.21526524745657002,0.17334358629636182,50,0.00047,500,structure_preserving_random_timing,monte_carlo_seed_stability_only,False
mean_reversion_vol_filter,1,101,-0.04868196263595726,-0.0023925711463956578,-0.12203721929565241,-0.0843256919851165,-0.08537925710692751,-0.029366026795720833,-0.027562256454705333,0.09039715113677503,39.321357285429144,0.6087824351297405,0.21553788652045988,-0.02111970618125193,-0.23363243106297504,0,0,-0.1767768353583076,0.12915337491193668,47,0.00047,500,structure_preserving_random_timing,monte_carlo_seed_stability_only,False
trend_momentum_verification,1,101,0.15452538764937027,0.007288870776402692,0.28203097366421875,0.20073600215596243,-0.09469700426718153,-0.011353017358660797,-0.009588574673175143,0.13948814076696195,88.02395209580838,0.1217564870259481,0.9145078908564787,0.1641139623225454,1.1765441952282163,0,1,-0.23545361745261714,0.22326896078987032,40,0.00047,500,structure_preserving_random_timing,monte_carlo_seed_stability_only,False
adx_trend_following,1,101,-0.0299050287644859,-0.001530085230927365,-0.03387354825017624,-0.026871906496112603,-0.16527243673997538,-0.027792530542926505,-0.020000813832914247,0.14856892008794415,49.30139720558882,0.5089820359281437,0.2932975454332905,-0.009904214931571651,-0.06666411067475575,0,0,-0.23786819148251265,0.23550804171477388,52,0.00047,500,structure_preserving_random_timing,monte_carlo_seed_stability_only,False
uptrend_oversold_reversion,1,101,-0.034438880836416705,-0.001786439631172529,-0.10540061842390623,-0.0830665497838658,-0.0920530602030718,-0.01681886661945447,-0.014853258446214738,0.08305539935787781,41.71656686626746,0.5848303393213573,0.23297010551313624,-0.019585622390201965,-0.2358139572095654,0,0,-0.1484620727798308,0.11876306025777304,37,0.00047,500,structure_preserving_random_timing,monte_carlo_seed_stability_only,False
volatility_squeeze_breakout,1,101,-0.017350431068238584,-0.00097924217312851,-0.07014843879713523,-0.09878884105407343,-0.07373513804460063,-0.012912534646551468,-0.011464751319116838,0.0697129337590476,47.1057884231537,0.530938123752495,0.2749560892361787,-0.005885679749121747,-0.08442737138942862,0,0,-0.12721775051828688,0.09875216787251384,17,0.00047,500,structure_preserving_random_timing,monte_carlo_seed_stability_only,False
connors_rsi2_pullback,1,101,0.010602509975756248,0.000538236288805419,0.05148478364896244,0.03749326106051061,-0.05470940080293485,-0.022088039844163763,-0.01780108765638924,0.0717267069135255,66.86626746506987,0.3333333333333333,0.47712125471966244,0.02840359763214549,0.39599751409735257,0,1,-0.12539453040888432,0.09914080292457739,46,0.00047,500,structure_preserving_random_timing,monte_carlo_seed_stability_only,False
donchian_trend_reentry,1,101,0.005823383550149862,0.00029351843255052924,0.023945597454962563,0.021439857724879434,-0.10442618453944785,-0.01128540594545532,-0.0032981964112181955,0.10538790530674305,55.28942115768463,0.4491017964071856,0.34765520775588327,0.009121579961368058,0.0865524363048938,0,1,-0.16651212838380314,0.1745805443443727,26,0.00047,500,structure_preserving_random_timing,monte_carlo_seed_stability_only,False
turn_of_month_seasonality,1,101,-0.07197230328338064,-0.0037433399621071054,-0.1506454592816092,-0.07381625186897778,-0.08741154795094208,-0.04073823116155405,-0.03844176878906815,0.10701314062607095,39.72055888223553,0.6047904191616766,0.2183950973649407,-0.03353053449431249,-0.3133310012036377,0,0,-0.1955700619002043,0.12920207458212674,104,0.00047,500,structure_preserving_random_timing,monte_carlo_seed_stability_only,False
random,1,101,-0.28920848989265896,-0.01626685257193968,-0.19842969413117817,-0.08803491481695387,-0.379562762311893,-0.11017851899333178,-0.09047815661836946,0.1874787760543703,13.572854291417165,0.8662674650698603,0.062347996354735,-0.19873033327428952,-1.0600150985445744,0,0,-0.3707402386323419,0.2252826304399792,202,0.00047,500,structure_preserving_random_timing,monte_carlo_seed_stability_only,False
trend_pullback,2,102,0.25944854608499807,0.01177093752375118,0.27897790602833217,0.23116873537633886,-0.08037407228073423,-0.02619544325463723,-0.003193600762471115,0.15029310583894048,94.41117764471058,0.05788423153692615,1.2374397279682896,0.26264214684746917,1.747532898341498,0,1,-0.22646182784905738,0.26467882699159195,59,0.00047,500,structure_preserving_random_timing,monte_carlo_seed_stability_only,False
breakout_volume_momentum,2,102,-0.02291052654148268,-0.001129386462723682,-0.019794642997659574,-0.019132452156471084,-0.10362959655155346,-0.02305333552849497,-0.017286194382112565,0.11068635396463758,50.0998003992016,0.500998003992016,0.30016400438620755,-0.005624332159370114,-0.05081323901198329,0,1,-0.18432195968463214,0.17566140272530784,50,0.00047,500,structure_preserving_random_timing,monte_carlo_seed_stability_only,False
mean_reversion_vol_filter,2,102,-0.04868196263595726,-0.0023925711463956578,-0.12203721929565241,-0.0843256919851165,-0.08537925710692751,-0.04272732313212749,-0.034525365210371334,0.09098482944446681,46.9061876247505,0.5329341317365269,0.2733264645026705,-0.014156597425585928,-0.15559294348324848,0,0,-0.16922280624156627,0.12444187031112862,47,0.00047,500,structure_preserving_random_timing,monte_carlo_seed_stability_only,False
trend_momentum_verification,2,102,0.15452538764937027,0.007288870776402692,0.28203097366421875,0.20073600215596243,-0.09469700426718153,-0.011990544869151906,-0.010113227864079057,0.1348289953816871,88.62275449101796,0.1157684630738523,0.9364097323043085,0.16463861551344933,1.2210920584802567,0,1,-0.21917407412130202,0.22327732970712164,40,0.00047,500,structure_preserving_random_timing,monte_carlo_seed_stability_only,False
adx_trend_following,2,102,-0.0299050287644859,-0.001530085230927365,-0.03387354825017624,-0.026871906496112603,-0.16527243673997538,-0.00488901424517596,0.005503499437790834,0.1448347134785192,43.91217564870259,0.562874251497006,0.2495886175478846,-0.03540852820227673,-0.24447542548236034,0,0,-0.22213207608051813,0.23636465842839438,52,0.00047,500,structure_preserving_random_timing,monte_carlo_seed_stability_only,False
uptrend_oversold_reversion,2,102,-0.034438880836416705,-0.001786439631172529,-0.10540061842390623,-0.0830665497838658,-0.0920530602030718,-0.018933584362595512,-0.01845533415247611,0.07661700283495786,42.51497005988024,0.5768463073852296,0.23893988311069783,-0.015983546683940596,-0.20861618299492946,0,0,-0.13839346193257593,0.11965861609773755,37,0.00047,500,structure_preserving_random_timing,monte_carlo_seed_stability_only,False
volatility_squeeze_breakout,2,102,-0.017350431068238584,-0.00097924217312851,-0.07014843879713523,-0.09878884105407343,-0.07373513804460063,-0.00882158073394724,-0.009556297778023451,0.07509699648569954,45.50898203592814,0.5469061876247505,0.26208716304685775,-0.007794133290215133,-0.10378755016785982,0,0,-0.13678838972484464,0.10777602339310681,17,0.00047,500,structure_preserving_random_timing,monte_carlo_seed_stability_only,False
connors_rsi2_pullback,2,102,0.010602509975756248,0.000538236288805419,0.05148478364896244,0.03749326106051061,-0.05470940080293485,-0.016497921548100064,-0.017018746632095592,0.07012979415244892,66.46706586826348,0.3373253493013972,0.4719510212535722,0.027621256607851842,0.3938590857376317,0,1,-0.12309079506502302,0.0984413651472011,46,0.00047,500,structure_preserving_random_timing,monte_carlo_seed_stability_only,False
donchian_trend_reentry,2,102,0.005823383550149862,0.00029351843255052924,0.023945597454962563,0.021439857724879434,-0.10442618453944785,-0.010190782451635128,-0.00924817490200261,0.09228545473720556,59.08183632734531,0.4111776447105788,0.3859705054980923,0.01507155845215247,0.16331456018795842,0,1,-0.16105055792763978,0.13880008066949484,26,0.00047,500,structure_preserving_random_timing,monte_carlo_seed_stability_only,False
turn_of_month_seasonality,2,102,-0.07197230328338064,-0.0037433399621071054,-0.1506454592816092,-0.07381625186897778,-0.08741154795094208,-0.04533800593361338,-0.04063076757310735,0.11131975123573291,40.91816367265469,0.592814371257485,0.22708127655003335,-0.03134153571027329,-0.28154514686170856,0,0,-0.2134668089980409,0.15030032487306735,104,0.00047,500,structure_preserving_random_timing,monte_carlo_seed_stability_only,False
random,2,102,-0.15603733261413075,-0.008127663919841833,-0.05444191816645147,-0.029346007244665958,-0.35315384589480503,-0.11853703319521156,-0.10699303289800406,0.17840934194516114,42.51497005988024,0.5768463073852296,0.23893988311069783,-0.049044299716126685,-0.2748975988667777,0,0,-0.3757596288705976,0.19828929568414777,218,0.00047,500,structure_preserving_random_timing,monte_carlo_seed_stability_only,False
trend_pullback,3,103,0.25944854608499807,0.01177093752375118,0.27897790602833217,0.23116873537633886,-0.08037407228073423,-0.014433123164012383,0.004725062988034209,0.1524964424823978,93.41317365269461,0.06786427145708583,1.1683588088249905,0.25472348309696385,1.6703568880065238,0,1,-0.20793043864241537,0.27929311730450207,59,0.00047,500,structure_preserving_random_timing,monte_carlo_seed_stability_only,False
breakout_volume_momentum,3,103,-0.02291052654148268,-0.001129386462723682,-0.019794642997659574,-0.019132452156471084,-0.10362959655155346,-0.027322089633678152,-0.02265555003352326,0.12323950428524427,51.49700598802395,0.4870259481037924,0.3124478995285163,-0.0002549765079594181,-0.00206895110004063,0,1,-0.21110008750910567,0.20029145234887086,50,0.00047,500,structure_preserving_random_timing,monte_carlo_seed_stability_only,False
mean_reversion_vol_filter,3,103,-0.04868196263595726,-0.0023925711463956578,-0.12203721929565241,-0.0843256919851165,-0.08537925710692751,-0.03636435330748885,-0.031919200927582415,0.08687045179965047,43.51297405189621,0.5668662674650699,0.24651938582020805,-0.016762761708374846,-0.19296275501173682,0,0,-0.16482738432462846,0.1134744716689435,47,0.00047,500,structure_preserving_random_timing,monte_carlo_seed_stability_only,False
trend_momentum_verification,3,103,0.15452538764937027,0.007288870776402692,0.28203097366421875,0.20073600215596243,-0.09469700426718153,-0.025106924363325546,-0.020712042845140194,0.13100432584610777,90.61876247504989,0.09580838323353294,1.0185964884916585,0.17523743049451046,1.337646137734137,0,1,-0.22823711275768077,0.2103611296495898,40,0.00047,500,structure_preserving_random_timing,monte_carlo_seed_stability_only,False
adx_trend_following,3,103,-0.0299050287644859,-0.001530085230927365,-0.03387354825017624,-0.026871906496112603,-0.16527243673997538,-0.02266043871113308,-0.012925619079448537,0.14292975285628443,48.70259481037924,0.5149700598802395,0.2882180199040156,-0.01697940968503736,-0.11879548761348606,0,0,-0.24053083456830374,0.22646682120963338,52,0.00047,500,structure_preserving_random_timing,monte_carlo_seed_stability_only,False
uptrend_oversold_reversion,3,103,-0.034438880836416705,-0.001786439631172529,-0.10540061842390623,-0.0830665497838658,-0.0920530602030718,-0.010628995991577381,-0.006061141098651817,0.08181283622198585,38.72255489021956,0.6147704590818364,0.21128700936680142,-0.02837773973776489,-0.34686170347115824,0,0,-0.1378470300363777,0.14150868909353964,37,0.00047,500,structure_preserving_random_timing,monte_carlo_seed_stability_only,False
volatility_squeeze_breakout,3,103,-0.017350431068238584,-0.00097924217312851,-0.07014843879713523,-0.09878884105407343,-0.07373513804460063,-0.010902865143372305,-0.007804676475718644,0.07525046543647626,46.10778443113773,0.5409181636726547,0.26686843499284,-0.00954575459251994,-0.12685309701609915,0,0,-0.12393404785510433,0.11614173592822243,17,0.00047,500,structure_preserving_random_timing,monte_carlo_seed_stability_only,False
connors_rsi2_pullback,3,103,0.010602509975756248,0.000538236288805419,0.05148478364896244,0.03749326106051061,-0.05470940080293485,-0.025986113198844883,-0.023594022509443646,0.06782350799574603,72.65469061876247,0.2754491017964072,0.5599586394660092,0.034196532485199896,0.5041988168371465,0,1,-0.1354693330031511,0.08463388743006599,46,0.00047,500,structure_preserving_random_timing,monte_carlo_seed_stability_only,False
donchian_trend_reentry,3,103,0.005823383550149862,0.00029351843255052924,0.023945597454962563,0.021439857724879434,-0.10442618453944785,-0.004477931035606779,-0.005064448957363213,0.09199982579515424,54.49101796407185,0.45708582834331335,0.34000224352735775,0.010887832507513075,0.11834622960869294,0,1,-0.1523212049457222,0.15779818904477155,26,0.00047,500,structure_preserving_random_timing,monte_carlo_seed_stability_only,False
turn_of_month_seasonality,3,103,-0.07197230328338064,-0.0037433399621071054,-0.1506454592816092,-0.07381625186897778,-0.08741154795094208,-0.04962094557925749,-0.041654672908443414,0.1165279210591973,42.51497005988024,0.5768463073852296,0.23893988311069783,-0.030317630374937225,-0.26017481560951883,0,0,-0.2227563513881806,0.1557321851569304,104,0.00047,500,structure_preserving_random_timing,monte_carlo_seed_stability_only,False
random,3,103,-0.08263020457977253,-0.004102989305701252,-0.02791834608542472,-0.012382056543424416,-0.261535497330288,-0.13454996818140066,-0.12873057041942446,0.18159966736070543,62.07584830339321,0.3812375249500998,0.41880435861951815,0.04610036583965192,0.2538571050798473,0,1,-0.40231089765115635,0.20302982855864998,219,0.00047,500,structure_preserving_random_timing,monte_carlo_seed_stability_only,False
trend_pullback,4,104,0.25944854608499807,0.01177093752375118,0.27897790602833217,0.23116873537633886,-0.08037407228073423,-0.014662898536980745,-0.00634857304044928,0.14338783817319406,96.6067864271457,0.03592814371257485,1.4445652207639397,0.26579711912544735,1.8536936082710072,1,1,-0.21117071199114493,0.23676614278391922,59,0.00047,500,structure_preserving_random_timing,monte_carlo_seed_stability_only,False
breakout_volume_momentum,4,104,-0.02291052654148268,-0.001129386462723682,-0.019794642997659574,-0.019132452156471084,-0.10362959655155346,-0.025634297968509565,-0.025317302878613973,0.11684973120069203,51.09780439121756,0.49101796407185627,0.3089026187638666,0.0024067763371312945,0.020597191901088777,0,1,-0.209493676964231,0.15910600201163863,50,0.00047,500,structure_preserving_random_timing,monte_carlo_seed_stability_only,False
mean_reversion_vol_filter,4,104,-0.04868196263595726,-0.0023925711463956578,-0.12203721929565241,-0.0843256919851165,-0.08537925710692751,-0.028650706255706555,-0.0333872997499963,0.09103723538860502,42.51497005988024,0.5768463073852296,0.23893988311069783,-0.015294662885960958,-0.1680044744403054,0,0,-0.17619282490404417,0.10751772449677993,47,0.00047,500,structure_preserving_random_timing,monte_carlo_seed_stability_only,False
trend_momentum_verification,4,104,0.15452538764937027,0.007288870776402692,0.28203097366421875,0.20073600215596243,-0.09469700426718153,-0.02548340321746464,-0.020486804033188918,0.13284338962591333,90.61876247504989,0.09580838323353294,1.0185964884916585,0.1750121916825592,1.317432445644402,0,1,-0.23418406267408653,0.1943521276562445,40,0.00047,500,structure_preserving_random_timing,monte_carlo_seed_stability_only,False
adx_trend_following,4,104,-0.0299050287644859,-0.001530085230927365,-0.03387354825017624,-0.026871906496112603,-0.16527243673997538,-0.022376951642033724,-0.017874439789401335,0.15214774548662746,48.50299401197605,0.5169660678642715,0.2865379617859939,-0.012030588975084563,-0.07907175316075882,0,0,-0.2398129523138759,0.2521895356414295,52,0.00047,500,structure_preserving_random_timing,monte_carlo_seed_stability_only,False
uptrend_oversold_reversion,4,104,-0.034438880836416705,-0.001786439631172529,-0.10540061842390623,-0.0830665497838658,-0.0920530602030718,-0.024012849863810623,-0.01863783143285834,0.08390303170837186,43.91217564870259,0.562874251497006,0.2495886175478846,-0.015801049403558365,-0.188325130592173,0,0,-0.14479498469410065,0.11302941919483596,37,0.00047,500,structure_preserving_random_timing,monte_carlo_seed_stability_only,False
volatility_squeeze_breakout,4,104,-0.017350431068238584,-0.00097924217312851,-0.07014843879713523,-0.09878884105407343,-0.07373513804460063,-0.00523459349356269,-0.004993979820259538,0.07329338285088365,44.71057884231537,0.5548902195608783,0.2557929299491694,-0.012356451247979046,-0.16858890621979353,0,0,-0.1270777160597705,0.11087375306635629,17,0.00047,500,structure_preserving_random_timing,monte_carlo_seed_stability_only,False
connors_rsi2_pullback,4,104,0.010602509975756248,0.000538236288805419,0.05148478364896244,0.03749326106051061,-0.05470940080293485,-0.025610445714822665,-0.023408824580634736,0.06699600066000463,70.85828343313374,0.2934131736526946,0.5325203911190697,0.034011334556390986,0.5076621622385158,0,1,-0.14407597540703646,0.0920575009669145,46,0.00047,500,structure_preserving_random_timing,monte_carlo_seed_stability_only,False
donchian_trend_reentry,4,104,0.005823383550149862,0.00029351843255052924,0.023945597454962563,0.021439857724879434,-0.10442618453944785,-0.014970774209158707,-0.006583086302395285,0.0981686014796368,56.68662674650699,0.4351297405189621,0.3613812322626409,0.012406469852545147,0.12637920542362654,0,1,-0.16435442710897805,0.16461152463374615,26,0.00047,500,structure_preserving_random_timing,monte_carlo_seed_stability_only,False
turn_of_month_seasonality,4,104,-0.07197230328338064,-0.0037433399621071054,-0.1506454592816092,-0.07381625186897778,-0.08741154795094208,-0.04615796442684113,-0.03912413836192651,0.10884371550317315,40.7185628742515,0.5948103792415169,0.22562146179099052,-0.03284816492145413,-0.3017920214281595,0,0,-0.21100894690959696,0.14848551282643932,104,0.00047,500,structure_preserving_random_timing,monte_carlo_seed_stability_only,False
random,4,104,0.0029299710738878086,0.00013976490163054465,0.036848536081090816,0.010022068871974746,-0.2110021648647027,-0.1338800500611535,-0.10914429444358092,0.18203362371960297,75.64870259481037,0.24550898203592814,0.6099326144278479,0.11207426551746873,0.6156789236372247,0,1,-0.3806175202669384,0.20774523907276976,204,0.00047,500,structure_preserving_random_timing,monte_carlo_seed_stability_only,False
trend_pullback,5,105,0.25944854608499807,0.01177093752375118,0.27897790602833217,0.23116873537633886,-0.08037407228073423,-0.016812824966374353,-0.006412540564831902,0.14459929342178787,95.60878243512974,0.04590818363273453,1.3381098898496528,0.26586108664983,1.8386057107093075,1,1,-0.22364700456567604,0.2400013324145808,59,0.00047,500,structure_preserving_random_timing,monte_carlo_seed_stability_only,False
breakout_volume_momentum,5,105,-0.02291052654148268,-0.001129386462723682,-0.019794642997659574,-0.019132452156471084,-0.10362959655155346,-0.039424450268727845,-0.02942001149776585,0.11516697777721971,55.688622754491014,0.44510978043912175,0.351532862819085,0.00650948495628317,0.05652214794483181,0,1,-0.20655069988338215,0.15307293761888335,50,0.00047,500,structure_preserving_random_timing,monte_carlo_seed_stability_only,False
mean_reversion_vol_filter,5,105,-0.04868196263595726,-0.0023925711463956578,-0.12203721929565241,-0.0843256919851165,-0.08537925710692751,-0.027472188413591798,-0.024417705382710934,0.08554845035110369,39.920159680638726,0.6027944111776448,0.21983078291009506,-0.024264257253246328,-0.2836317566672707,0,0,-0.15545863735494578,0.11194526735303091,47,0.00047,500,structure_preserving_random_timing,monte_carlo_seed_stability_only,False
trend_momentum_verification,5,105,0.15452538764937027,0.007288870776402692,0.28203097366421875,0.20073600215596243,-0.09469700426718153,-0.02950764089053272,-0.01246804340892785,0.1295135349687106,87.82435129740519,0.12375249500998003,0.9074460363689919,0.16699343105829811,1.2893898008315683,0,1,-0.20718973725831433,0.21842214470999083,40,0.00047,500,structure_preserving_random_timing,monte_carlo_seed_stability_only,False
adx_trend_following,5,105,-0.0299050287644859,-0.001530085230927365,-0.03387354825017624,-0.026871906496112603,-0.16527243673997538,-0.026757883198998675,-0.019390914651017218,0.14956878677116528,49.30139720558882,0.5089820359281437,0.2932975454332905,-0.01051411411346868,-0.07029617837012268,0,0,-0.23505219075366235,0.23280566382804788,52,0.00047,500,structure_preserving_random_timing,monte_carlo_seed_stability_only,False
uptrend_oversold_reversion,5,105,-0.034438880836416705,-0.001786439631172529,-0.10540061842390623,-0.0830665497838658,-0.0920530602030718,-0.0226875894687507,-0.018895287236833966,0.0855153120773275,42.115768463073856,0.5808383233532934,0.2359447368813384,-0.015543593599582739,-0.1817638645290494,0,0,-0.1499498633424999,0.12959830331291183,37,0.00047,500,structure_preserving_random_timing,monte_carlo_seed_stability_only,False
volatility_squeeze_breakout,5,105,-0.017350431068238584,-0.00097924217312851,-0.07014843879713523,-0.09878884105407343,-0.07373513804460063,-0.019171110420450416,-0.015636981661563867,0.07124106360609161,51.29740518962076,0.48902195608782434,0.31067164150271326,-0.001713449406674717,-0.024051429329421257,0,1,-0.13256301962941025,0.09997684879960306,17,0.00047,500,structure_preserving_random_timing,monte_carlo_seed_stability_only,False
connors_rsi2_pullback,5,105,0.010602509975756248,0.000538236288805419,0.05148478364896244,0.03749326106051061,-0.05470940080293485,-0.022739335095100156,-0.019562842474544824,0.06917951270441883,68.8622754491018,0.313373253493014,0.503938073458012,0.030165352450301074,0.4360445928433703,0,1,-0.1318171186181622,0.09578564200861896,46,0.00047,500,structure_preserving_random_timing,monte_carlo_seed_stability_only,False
donchian_trend_reentry,5,105,0.005823383550149862,0.00029351843255052924,0.023945597454962563,0.021439857724879434,-0.10442618453944785,-0.002176480076915731,0.002194047429357514,0.10562492978203468,53.093812375249506,0.47105788423153694,0.3269257228971391,0.003629336120792348,0.034360601500817725,0,1,-0.1681038378696007,0.17779311436760697,26,0.00047,500,structure_preserving_random_timing,monte_carlo_seed_stability_only,False
turn_of_month_seasonality,5,105,-0.07197230328338064,-0.0037433399621071054,-0.1506454592816092,-0.07381625186897778,-0.08741154795094208,-0.052765611700833284,-0.04727237053275977,0.10643733883368076,44.11177644710579,0.5608782435129741,0.25113140596216577,-0.024699932750620872,-0.23206078826545115,0,0,-0.2108425821158866,0.13523145789705357,104,0.00047,500,structure_preserving_random_timing,monte_carlo_seed_stability_only,False
random,5,105,-0.319983883942688,-0.018259343439370235,-0.22902887498220315,-0.0803201770373545,-0.351572723948126,-0.13546474474431014,-0.11705079330401517,0.18260314038564138,11.57684630738523,0.8862275449101796,0.0524547557526259,-0.20293309063867282,-1.1113340669284024,0,0,-0.37191843545206044,0.21207237633807288,223,0.00047,500,structure_preserving_random_timing,monte_carlo_seed_stability_only,False
trend_pullback,6,106,0.25944854608499807,0.01177093752375118,0.27897790602833217,0.23116873537633886,-0.08037407228073423,-0.024703761654523773,-0.005384348176871685,0.14472419616678747,95.40918163672654,0.04790419161676647,1.3196264841556398,0.26483289426186973,1.8299144253436581,1,1,-0.222111872343717,0.25386476776468525,59,0.00047,500,structure_preserving_random_timing,monte_carlo_seed_stability_only,False
breakout_volume_momentum,6,106,-0.02291052654148268,-0.001129386462723682,-0.019794642997659574,-0.019132452156471084,-0.10362959655155346,-0.03044077223077338,-0.02515363889847348,0.12037258083454018,53.093812375249506,0.47105788423153694,0.3269257228971391,0.0022431123569908,0.01863474506768366,0,1,-0.21223446858278855,0.1760042531981115,50,0.00047,500,structure_preserving_random_timing,monte_carlo_seed_stability_only,False
mean_reversion_vol_filter,6,106,-0.04868196263595726,-0.0023925711463956578,-0.12203721929565241,-0.0843256919851165,-0.08537925710692751,-0.03366391361645457,-0.027622635704945452,0.08931358970158362,41.71656686626746,0.5848303393213573,0.23297010551313624,-0.02105932693101181,-0.23579084662676372,0,0,-0.16189721274629373,0.12715894962291616,47,0.00047,500,structure_preserving_random_timing,monte_carlo_seed_stability_only,False
trend_momentum_verification,6,106,0.15452538764937027,0.007288870776402692,0.28203097366421875,0.20073600215596243,-0.09469700426718153,-0.02549148111904956,-0.019122193573440145,0.13593700029779138,89.02195608782435,0.11177644710578842,0.9516496988610453,0.1736475812228104,1.2774121897820907,0,1,-0.22697436547941063,0.20024194265501064,40,0.00047,500,structure_preserving_random_timing,monte_carlo_seed_stability_only,False
adx_trend_following,6,106,-0.0299050287644859,-0.001530085230927365,-0.03387354825017624,-0.026871906496112603,-0.16527243673997538,-0.009856620822249425,0.0019966347627201854,0.15540174541490706,44.11177644710579,0.5608782435129741,0.25113140596216577,-0.03190166352720608,-0.20528510437274589,0,0,-0.22087008721430598,0.26799224116651293,52,0.00047,500,structure_preserving_random_timing,monte_carlo_seed_stability_only,False
uptrend_oversold_reversion,6,106,-0.034438880836416705,-0.001786439631172529,-0.10540061842390623,-0.0830665497838658,-0.0920530602030718,-0.022411356537771873,-0.01824847055566174,0.08284250909912765,43.51297405189621,0.5668662674650699,0.24651938582020805,-0.016190410280754963,-0.19543602018840173,0,0,-0.13896902472712924,0.1186242349980224,37,0.00047,500,structure_preserving_random_timing,monte_carlo_seed_stability_only,False
volatility_squeeze_breakout,6,106,-0.017350431068238584,-0.00097924217312851,-0.07014843879713523,-0.09878884105407343,-0.07373513804460063,-0.01764005607126587,-0.014845928224526326,0.07596542309650187,50.29940119760479,0.499001996007984,0.30189771719520814,-0.0025045028437122585,-0.03296898433028787,0,1,-0.13758811090561937,0.114287122394446,17,0.00047,500,structure_preserving_random_timing,monte_carlo_seed_stability_only,False
connors_rsi2_pullback,6,106,0.010602509975756248,0.000538236288805419,0.05148478364896244,0.03749326106051061,-0.05470940080293485,-0.02227101725662453,-0.022611462502506584,0.07133289460862448,70.65868263473054,0.2954091816367265,0.5295760104722884,0.03321397247826283,0.4656193003311422,0,1,-0.13336874676482155,0.10556711676334761,46,0.00047,500,structure_preserving_random_timing,monte_carlo_seed_stability_only,False
donchian_trend_reentry,6,106,0.005823383550149862,0.00029351843255052924,0.023945597454962563,0.021439857724879434,-0.10442618453944785,-0.02025354018424914,-0.016029174275314775,0.0974479026849937,60.47904191616767,0.3972055888223553,0.4009846494575391,0.021852557825464636,0.22424862129772422,0,1,-0.16287305969830193,0.15478999149702147,26,0.00047,500,structure_preserving_random_timing,monte_carlo_seed_stability_only,False
turn_of_month_seasonality,6,106,-0.07197230328338064,-0.0037433399621071054,-0.1506454592816092,-0.07381625186897778,-0.08741154795094208,-0.05217552610076359,-0.03932713383894526,0.11746208746407613,42.71457085828344,0.5748502994011976,0.24044523810801488,-0.03264516944443538,-0.27792090323968893,0,0,-0.22169696898903204,0.1642385494769842,104,0.00047,500,structure_preserving_random_timing,monte_carlo_seed_stability_only,False
random,6,106,-0.12783811629000139,-0.006524440555041818,-0.03489092712239153,-0.02066774157559165,-0.22372083009702048,-0.1337999954332064,-0.11922779867629993,0.18735212072677931,51.49700598802395,0.4870259481037924,0.3124478995285163,-0.008610317613701457,-0.045957940482873515,0,1,-0.4066235344737003,0.21774316509135969,198,0.00047,500,structure_preserving_random_timing,monte_carlo_seed_stability_only,False
trend_pullback,7,107,0.25944854608499807,0.01177093752375118,0.27897790602833217,0.23116873537633886,-0.08037407228073423,-0.01360968561097398,-0.00036834892740681633,0.15425186544225128,93.812375249501,0.06387225548902195,1.1946877475473399,0.2598168950124049,1.6843679281770176,0,1,-0.2295130396919333,0.27222795767551883,59,0.00047,500,structure_preserving_random_timing,monte_carlo_seed_stability_only,False
breakout_volume_momentum,7,107,-0.02291052654148268,-0.001129386462723682,-0.019794642997659574,-0.019132452156471084,-0.10362959655155346,-0.026210389424383796,-0.017601926681960058,0.12541145819251936,51.29740518962076,0.48902195608782434,0.31067164150271326,-0.00530859985952262,-0.04232946443676126,0,1,-0.20800392396722256,0.18766232794035662,50,0.00047,500,structure_preserving_random_timing,monte_carlo_seed_stability_only,False
mean_reversion_vol_filter,7,107,-0.04868196263595726,-0.0023925711463956578,-0.12203721929565241,-0.0843256919851165,-0.08537925710692751,-0.037763901041117834,-0.033547241369121246,0.09285697240168565,46.30738522954092,0.5389221556886228,0.2684739617082584,-0.015134721266836015,-0.16298960514634733,0,0,-0.1716095489958547,0.12276149506569731,47,0.00047,500,structure_preserving_random_timing,monte_carlo_seed_stability_only,False
trend_momentum_verification,7,107,0.15452538764937027,0.007288870776402692,0.28203097366421875,0.20073600215596243,-0.09469700426718153,-0.022968108199003492,-0.018896837067012954,0.13260426560885466,89.82035928143712,0.10379241516966067,0.9838343822324466,0.17342222471638322,1.3078178437180148,0,1,-0.21853732147422453,0.22338914157308482,40,0.00047,500,structure_preserving_random_timing,monte_carlo_seed_stability_only,False
adx_trend_following,7,107,-0.0299050287644859,-0.001530085230927365,-0.03387354825017624,-0.026871906496112603,-0.16527243673997538,-0.014941914821419634,-0.007463710273748122,0.15287615742673943,46.706586826347305,0.5349301397205589,0.27170293183845684,-0.022441318490737775,-0.14679410359651401,0,0,-0.23679077617477426,0.23311991082562228,52,0.00047,500,structure_preserving_random_timing,monte_carlo_seed_stability_only,False
uptrend_oversold_reversion,7,107,-0.034438880836416705,-0.001786439631172529,-0.10540061842390623,-0.0830665497838658,-0.0920530602030718,-0.01947496095757697,-0.012768500654542148,0.08263585356576143,41.71656686626746,0.5848303393213573,0.23297010551313624,-0.021670380181874557,-0.26223944264857524,0,0,-0.13746153378444975,0.12437094788159286,37,0.00047,500,structure_preserving_random_timing,monte_carlo_seed_stability_only,False
volatility_squeeze_breakout,7,107,-0.017350431068238584,-0.00097924217312851,-0.07014843879713523,-0.09878884105407343,-0.07373513804460063,-0.012128389692418837,-0.012334154470430365,0.0731157783223148,46.30738522954092,0.5389221556886228,0.2684739617082584,-0.00501627659780822,-0.06860730628750294,0,0,-0.13113963840965084,0.10305355154073947,17,0.00047,500,structure_preserving_random_timing,monte_carlo_seed_stability_only,False
connors_rsi2_pullback,7,107,0.010602509975756248,0.000538236288805419,0.05148478364896244,0.03749326106051061,-0.05470940080293485,-0.015410469325959577,-0.014964954202986743,0.06943529094659509,66.86626746506987,0.3333333333333333,0.47712125471966244,0.02556746417874299,0.36822001939053944,0,1,-0.13094072173487803,0.10129549915605976,46,0.00047,500,structure_preserving_random_timing,monte_carlo_seed_stability_only,False
donchian_trend_reentry,7,107,0.005823383550149862,0.00029351843255052924,0.023945597454962563,0.021439857724879434,-0.10442618453944785,-0.003248082352940098,-0.0004156372276217515,0.09521584841710841,53.49301397205589,0.46706586826347307,0.33062186845710284,0.006239020777771613,0.06552502426319382,0,1,-0.15615077523246218,0.160937164170073,26,0.00047,500,structure_preserving_random_timing,monte_carlo_seed_stability_only,False
turn_of_month_seasonality,7,107,-0.07197230328338064,-0.0037433399621071054,-0.1506454592816092,-0.07381625186897778,-0.08741154795094208,-0.04584509998698297,-0.042050650622358486,0.11578901700378638,41.91616766467065,0.5828343313373253,0.23445487441882745,-0.029921652661022154,-0.2584152921865093,0,0,-0.2231876276435125,0.1492921050454468,104,0.00047,500,structure_preserving_random_timing,monte_carlo_seed_stability_only,False
random,7,107,-0.11370869666193395,-0.00574422672714946,-0.030983630736764745,-0.015468388698983399,-0.3612160164100222,-0.11909389631137843,-0.10249871371673455,0.1861349938031277,50.898203592814376,0.4930139720558882,0.30714077260758,-0.011209982945199398,-0.06022501581328676,0,1,-0.35161153406575985,0.2263805182678236,214,0.00047,500,structure_preserving_random_timing,monte_carlo_seed_stability_only,False
trend_pullback,8,108,0.25944854608499807,0.01177093752375118,0.27897790602833217,0.23116873537633886,-0.08037407228073423,-0.0025015434825110695,0.005992035716629402,0.14135826911638297,95.40918163672654,0.04790419161676647,1.3196264841556398,0.25345651036836864,1.7930080210567167,1,1,-0.19751407794751752,0.24890057751448078,59,0.00047,500,structure_preserving_random_timing,monte_carlo_seed_stability_only,False
breakout_volume_momentum,8,108,-0.02291052654148268,-0.001129386462723682,-0.019794642997659574,-0.019132452156471084,-0.10362959655155346,-0.02158312598330764,-0.01835771677553317,0.11920372242656525,49.9001996007984,0.5029940119760479,0.29843718508570166,-0.00455280976594951,-0.03819352007865561,0,0,-0.21985180580872438,0.194987040025491,50,0.00047,500,structure_preserving_random_timing,monte_carlo_seed_stability_only,False
mean_reversion_vol_filter,8,108,-0.04868196263595726,-0.0023925711463956578,-0.12203721929565241,-0.0843256919851165,-0.08537925710692751,-0.034995698410281606,-0.031555386113458,0.09162519865381294,44.510978043912175,0.5568862275449101,0.2542335225936482,-0.017126576522499264,-0.1869199387737049,0,0,-0.16780384261312692,0.12617377129573884,47,0.00047,500,structure_preserving_random_timing,monte_carlo_seed_stability_only,False
trend_momentum_verification,8,108,0.15452538764937027,0.007288870776402692,0.28203097366421875,0.20073600215596243,-0.09469700426718153,-0.01932399544011249,-0.008571599742100394,0.1404267556990324,89.02195608782435,0.11177644710578842,0.9516496988610453,0.16309698739147066,1.1614381218136656,0,1,-0.21324563183828973,0.24748960790477054,40,0.00047,500,structure_preserving_random_timing,monte_carlo_seed_stability_only,False
adx_trend_following,8,108,-0.0299050287644859,-0.001530085230927365,-0.03387354825017624,-0.026871906496112603,-0.16527243673997538,-0.01236088272824959,0.0024399445981912937,0.15775345214392333,44.510978043912175,0.5568862275449101,0.2542335225936482,-0.03234497336267719,-0.20503496388255185,0,0,-0.24182233058043281,0.2776094283659753,52,0.00047,500,structure_preserving_random_timing,monte_carlo_seed_stability_only,False
uptrend_oversold_reversion,8,108,-0.034438880836416705,-0.001786439631172529,-0.10540061842390623,-0.0830665497838658,-0.0920530602030718,-0.023430592166581412,-0.02089281433233607,0.08265012445789499,44.31137724550898,0.5588822355289421,0.2526796945250265,-0.013546066504080634,-0.16389650460818722,0,0,-0.15740359757469774,0.11066470179956465,37,0.00047,500,structure_preserving_random_timing,monte_carlo_seed_stability_only,False
volatility_squeeze_breakout,8,108,-0.017350431068238584,-0.00097924217312851,-0.07014843879713523,-0.09878884105407343,-0.07373513804460063,-0.014490502683499103,-0.01179558529193702,0.0728626267491829,48.70259481037924,0.5149700598802395,0.2882180199040156,-0.005554845776301564,-0.07623724293420231,0,0,-0.12875002290352666,0.10560033807014582,17,0.00047,500,structure_preserving_random_timing,monte_carlo_seed_stability_only,False
connors_rsi2_pullback,8,108,0.010602509975756248,0.000538236288805419,0.05148478364896244,0.03749326106051061,-0.05470940080293485,-0.02789636197373866,-0.02344609010622654,0.07548770490512371,72.45508982035929,0.2774451097804391,0.5568229256131506,0.03404860008198279,0.45104828825802257,0,1,-0.1372326438393126,0.11373959313755283,46,0.00047,500,structure_preserving_random_timing,monte_carlo_seed_stability_only,False
donchian_trend_reentry,8,108,0.005823383550149862,0.00029351843255052924,0.023945597454962563,0.021439857724879434,-0.10442618453944785,-0.00839310261537231,-0.005526645560058654,0.09613814550830875,56.886227544910184,0.43313373253493015,0.3633779920187162,0.011350029110208517,0.11805958030704461,0,1,-0.1557270004087786,0.14833415420116122,26,0.00047,500,structure_preserving_random_timing,monte_carlo_seed_stability_only,False
turn_of_month_seasonality,8,108,-0.07197230328338064,-0.0037433399621071054,-0.1506454592816092,-0.07381625186897778,-0.08741154795094208,-0.04737925084772185,-0.038949229542231886,0.11216690844311374,42.91417165668663,0.5728542914171657,0.24195582913325336,-0.033023073741148753,-0.2944101268325198,0,0,-0.20620215021491003,0.15391956160104614,104,0.00047,500,structure_preserving_random_timing,monte_carlo_seed_stability_only,False
random,8,108,-0.10151835348061788,-0.005095817012519036,-0.038359874998842636,-0.016422344864331008,-0.2848258912872126,-0.13485697705988825,-0.12153037516847738,0.18053005435148983,57.884231536926144,0.4231536926147705,0.37350186493849424,0.020012021687859496,0.11085146880250937,0,1,-0.39556813202357977,0.19542776109322504,203,0.00047,500,structure_preserving_random_timing,monte_carlo_seed_stability_only,False
trend_pullback,9,109,0.25944854608499807,0.01177093752375118,0.27897790602833217,0.23116873537633886,-0.08037407228073423,-0.014243306710974481,-0.004354245027739233,0.14794430436990125,94.41117764471058,0.05788423153692615,1.2374397279682896,0.2638027911127373,1.783122319147604,0,1,-0.22477421504548648,0.2616468301561743,59,0.00047,500,structure_preserving_random_timing,monte_carlo_seed_stability_only,False
breakout_volume_momentum,9,109,-0.02291052654148268,-0.001129386462723682,-0.019794642997659574,-0.019132452156471084,-0.10362959655155346,-0.039791598029827784,-0.0332513390018419,0.11483445925829432,56.287425149700596,0.43912175648702595,0.35741504504503946,0.01034081246035922,0.0900497335656006,0,1,-0.20878152967188232,0.18049256155080284,50,0.00047,500,structure_preserving_random_timing,monte_carlo_seed_stability_only,False
mean_reversion_vol_filter,9,109,-0.04868196263595726,-0.0023925711463956578,-0.12203721929565241,-0.0843256919851165,-0.08537925710692751,-0.03943660031704186,-0.028792928163206995,0.09132839158737224,45.90818363273453,0.5429141716566867,0.265268821833047,-0.019889034472750266,-0.21777493424618982,0,0,-0.1562871360165711,0.13329317417704714,47,0.00047,500,structure_preserving_random_timing,monte_carlo_seed_stability_only,False
trend_momentum_verification,9,109,0.15452538764937027,0.007288870776402692,0.28203097366421875,0.20073600215596243,-0.09469700426718153,-0.01755780181754517,-0.013779483794307715,0.1378379419368229,89.42115768463074,0.10778443113772455,0.9674439660442772,0.16830487144367798,1.2210344196869931,0,1,-0.241222335556575,0.21682999599478853,40,0.00047,500,structure_preserving_random_timing,monte_carlo_seed_stability_only,False
adx_trend_following,9,109,-0.0299050287644859,-0.001530085230927365,-0.03387354825017624,-0.026871906496112603,-0.16527243673997538,-0.006103884487487622,-0.0004724477873610704,0.14392293768307401,43.712574850299404,0.564870259481038,0.24805129034295545,-0.02943258097712483,-0.20450236391044868,0,0,-0.22937587612465077,0.23366886715903962,52,0.00047,500,structure_preserving_random_timing,monte_carlo_seed_stability_only,False
uptrend_oversold_reversion,9,109,-0.034438880836416705,-0.001786439631172529,-0.10540061842390623,-0.0830665497838658,-0.0920530602030718,-0.02678447660225454,-0.02064565743600044,0.08282170098275396,45.70858283433134,0.5449101796407185,0.2636750788264897,-0.013793223400416266,-0.16654117503923813,0,0,-0.14587977896721224,0.11631977558129335,37,0.00047,500,structure_preserving_random_timing,monte_carlo_seed_stability_only,False
volatility_squeeze_breakout,9,109,-0.017350431068238584,-0.00097924217312851,-0.07014843879713523,-0.09878884105407343,-0.07373513804460063,-0.018492612573065996,-0.016014093241825754,0.074957559789221,51.29740518962076,0.48902195608782434,0.31067164150271326,-0.0013363378264128305,-0.017827925964646968,0,1,-0.13208794028172388,0.11837550930944826,17,0.00047,500,structure_preserving_random_timing,monte_carlo_seed_stability_only,False
connors_rsi2_pullback,9,109,0.010602509975756248,0.000538236288805419,0.05148478364896244,0.03749326106051061,-0.05470940080293485,-0.022230091436439784,-0.02151445968449837,0.06896833645074724,69.061876247505,0.31137724550898205,0.5067131275127841,0.03211696966025462,0.4656770238787838,0,1,-0.13008000524205893,0.10147281121629591,46,0.00047,500,structure_preserving_random_timing,monte_carlo_seed_stability_only,False
donchian_trend_reentry,9,109,0.005823383550149862,0.00029351843255052924,0.023945597454962563,0.021439857724879434,-0.10442618453944785,-0.005227210859299952,0.0004445635043430152,0.10407633563478604,55.08982035928144,0.45109780439121755,0.3457292867198448,0.0053788200458068465,0.05168148948557959,0,1,-0.16861042702877413,0.17091175640113446,26,0.00047,500,structure_preserving_random_timing,monte_carlo_seed_stability_only,False
turn_of_month_seasonality,9,109,-0.07197230328338064,-0.0037433399621071054,-0.1506454592816092,-0.07381625186897778,-0.08741154795094208,-0.034358077402686635,-0.026387447741991737,0.11657171735341812,36.92614770459082,0.6327345309381237,0.19877846364949425,-0.0455848555413889,-0.39104558615351187,0,0,-0.21041417223767148,0.17937077551057895,104,0.00047,500,structure_preserving_random_timing,monte_carlo_seed_stability_only,False
random,9,109,-0.05120965042235469,-0.0025283727832401924,-0.002285194246375,-0.0038498031330619275,-0.3903477488726723,-0.10709368023768986,-0.09178367639332137,0.19595647456039372,62.4750499001996,0.3772455089820359,0.4233759216940016,0.04057402597096668,0.2070563172867339,0,1,-0.35617800745515177,0.2647784786755947,212,0.00047,500,structure_preserving_random_timing,monte_carlo_seed_stability_only,False
trend_pullback,10,110,0.25944854608499807,0.01177093752375118,0.27897790602833217,0.23116873537633886,-0.08037407228073423,-0.006475189113600805,-0.003796897614457915,0.14833430852397278,95.40918163672654,0.04790419161676647,1.3196264841556398,0.26324544369945596,1.7746767171999998,1,1,-0.2491337470001731,0.2549449764758887,59,0.00047,500,structure_preserving_random_timing,monte_carlo_seed_stability_only,False
breakout_volume_momentum,10,110,-0.02291052654148268,-0.001129386462723682,-0.019794642997659574,-0.019132452156471084,-0.10362959655155346,-0.025571300631486625,-0.021196899026377756,0.12373870652170735,51.69660678642715,0.48502994011976047,0.31423145226893356,-0.0017136275151049228,-0.013848758915257475,0,1,-0.20830292580810736,0.1913780963264768,50,0.00047,500,structure_preserving_random_timing,monte_carlo_seed_stability_only,False
mean_reversion_vol_filter,10,110,-0.04868196263595726,-0.0023925711463956578,-0.12203721929565241,-0.0843256919851165,-0.08537925710692751,-0.022680620800580475,-0.025327953631774057,0.08910163072687811,39.321357285429144,0.6087824351297405,0.21553788652045988,-0.023354009004183204,-0.2621052927276931,0,0,-0.17870591224023338,0.12484178672224625,47,0.00047,500,structure_preserving_random_timing,monte_carlo_seed_stability_only,False
trend_momentum_verification,10,110,0.15452538764937027,0.007288870776402692,0.28203097366421875,0.20073600215596243,-0.09469700426718153,-0.022260354726730432,-0.01645197453009955,0.13761887776803614,89.42115768463074,0.10778443113772455,0.9674439660442772,0.17097736217946982,1.242397590740866,0,1,-0.21464245829525505,0.22760742091526368,40,0.00047,500,structure_preserving_random_timing,monte_carlo_seed_stability_only,False
adx_trend_following,10,110,-0.0299050287644859,-0.001530085230927365,-0.03387354825017624,-0.026871906496112603,-0.16527243673997538,-0.023347283025896677,-0.018168672216349165,0.1476918157483165,47.70459081836327,0.5249500998003992,0.2798819773774879,-0.011736356548136734,-0.07946517881625079,0,0,-0.2523233685966767,0.2312182734487543,52,0.00047,500,structure_preserving_random_timing,monte_carlo_seed_stability_only,False
uptrend_oversold_reversion,10,110,-0.034438880836416705,-0.001786439631172529,-0.10540061842390623,-0.0830665497838658,-0.0920530602030718,-0.019206012526265748,-0.016145476386815738,0.08177222648136694,42.71457085828344,0.5748502994011976,0.24044523810801488,-0.018293404449600967,-0.22371170795709472,0,0,-0.14679140142764074,0.11834678420858494,37,0.00047,500,structure_preserving_random_timing,monte_carlo_seed_stability_only,False
volatility_squeeze_breakout,10,110,-0.017350431068238584,-0.00097924217312851,-0.07014843879713523,-0.09878884105407343,-0.07373513804460063,-0.00950159320766952,-0.008960952369063394,0.07367816467824301,46.10778443113773,0.5409181636726547,0.26686843499284,-0.00838947869917519,-0.11386655375866854,0,0,-0.1226075724662971,0.115091552167884,17,0.00047,500,structure_preserving_random_timing,monte_carlo_seed_stability_only,False
connors_rsi2_pullback,10,110,0.010602509975756248,0.000538236288805419,0.05148478364896244,0.03749326106051061,-0.05470940080293485,-0.016500359743238387,-0.016842372806917333,0.07031390672653066,68.26347305389223,0.3193612774451098,0.49571774321132095,0.027444882782673582,0.3903194127644475,0,1,-0.12850174747711038,0.09849168192957043,46,0.00047,500,structure_preserving_random_timing,monte_carlo_seed_stability_only,False
donchian_trend_reentry,10,110,0.005823383550149862,0.00029351843255052924,0.023945597454962563,0.021439857724879434,-0.10442618453944785,-0.0074765143097200995,-0.005907091631403141,0.10139889528553431,57.884231536926144,0.4231536926147705,0.37350186493849424,0.011730475181553002,0.11568641994097234,0,1,-0.16280251054940045,0.17721177859809598,26,0.00047,500,structure_preserving_random_timing,monte_carlo_seed_stability_only,False
turn_of_month_seasonality,10,110,-0.07197230328338064,-0.0037433399621071054,-0.1506454592816092,-0.07381625186897778,-0.08741154795094208,-0.0367016384959833,-0.03299181831326857,0.11796540536778304,38.12375249500998,0.6207584830339321,0.20707733684040824,-0.03898048497011207,-0.3304399696553566,0,0,-0.2244840275281455,0.16272071671849003,104,0.00047,500,structure_preserving_random_timing,monte_carlo_seed_stability_only,False
random,10,110,0.034162751575936456,0.001607707333804906,0.059526699078268665,0.0176414800288521,-0.3005973532710635,-0.1312207260885831,-0.11494480121553274,0.18038947428258406,79.84031936127745,0.20359281437125748,0.6912375541053282,0.1491075527914692,0.8265867694580059,0,1,-0.39094572191110466,0.215277309969819,217,0.00047,500,structure_preserving_random_timing,monte_carlo_seed_stability_only,False
