simulation_id,simulated_cumulative_return
1,0.524045865636041
2,2.226146379575605
3,2.664080015600346
4,0.32707774479065754
5,2.6735343292280302
6,2.32682324729991
7,1.3615186104376151
8,0.278188206617638
9,3.3475864161038595
10,0.7531567537725203
11,0.5388140244140736
12,1.0294826016221283
13,1.8046618059525594
14,0.03163570338295135
15,1.6785533547636808
16,2.222516076725895
17,3.679162302699539
18,0.46128048239015407
19,1.8729824506843655
20,0.5869294970353568
21,-0.0065220278229710035
22,1.1724715043008562
23,-0.21888087674023513
24,0.4708519206096478
25,1.6807715315245437
26,0.6764022753159182
27,1.9566309901643544
28,2.651272666613507
29,1.0149644981248205
30,1.3068346005504239
31,1.1437300188384074
32,1.427293527258339
33,2.414823197730488
34,0.20418289790298458
35,0.7034052470077421
36,0.7170519619108123
37,0.95510853130037
38,1.0304320178601016
39,-0.22700607666676176
40,0.7417424675417685
41,2.0655748595967025
42,1.818485134747087
43,1.6458489761007502
44,2.978299967278523
45,3.9168315857965346
46,2.614378397223621
47,0.8337700009649979
48,1.3405940527684148
49,1.2048418241261372
50,3.2099916527463894
51,0.19316449693766288
52,3.5636632765826195
53,1.2337644030508497
54,4.723718068660499
55,0.11183586217696113
56,1.193273468857179
57,1.17992548601182
58,0.14026012421141545
59,1.0871159304713438
60,2.5207037117588915
61,0.8222021402550391
62,0.4089407249639801
63,1.4455758366282214
64,3.056702430431434
65,2.3074937058642613
66,0.9435386139462543
67,1.163640978658866
68,1.6142544987552865
69,1.311743988578633
70,0.47096659741264485
71,0.609234832638657
72,0.6797953717149808
73,4.00483640217278
74,2.024049392318819
75,3.223805863527127
76,1.6497540353695919
77,0.30900021530161836
78,0.5080825545674295
79,5.36389920769464
80,1.9052818883605
81,1.9774202879620677
82,2.6174722395039693
83,1.2649468145904492
84,2.6784197507394096
85,1.4453164355594248
86,0.5957818067809085
87,3.335789900747057
88,2.9946890198919807
89,0.8172375016136013
90,2.4147811726129493
91,0.8491853026246028
92,1.3842886977126798
93,2.099282284857584
94,2.3880122508874293
95,0.04232944041005797
96,3.0488277707145794
97,1.0923467872928774
98,1.6255536696826733
99,0.6361997149347474
100,1.0749762324703425
101,-0.2115451249293433
102,3.0370874305370346
103,3.5612498694396004
104,1.0097728579572665
105,-0.22640088143244116
106,1.813250707179535
107,0.8305386303812375
108,1.5921997945057738
109,1.6247278316602434
110,1.26763265821351
111,0.5028369196022853
112,-0.1249273659781209
113,2.1536179358041028
114,-0.06552901562320806
115,1.4619650004820932
116,-0.326278036489605
117,2.0457327376156615
118,3.8387619007951157
119,3.2524139165214234
120,0.899098936147067
121,1.7906440648732844
122,2.3329017096866425
123,2.1191402189619133
124,-0.0025184900887213484
125,2.3922063612394298
126,2.476781967160237
127,1.0405699877571586
128,1.9616449768710975
129,0.5947465376180283
130,3.385422960454367
131,3.712385918925366
132,0.3805377462016438
133,1.493757839364706
134,2.0246996694791726
135,1.2456848612958178
136,2.5717328257665026
137,1.7993584158030425
138,2.091924010217113
139,0.2749258002277655
140,1.471952250524529
141,0.9388449141923041
142,0.9232950687175183
143,0.9953934047034073
144,0.7802265757613707
145,1.4060464478221988
146,0.8115585267303946
147,1.6464736001250277
148,0.13703206839180612
149,0.094744330670064
150,2.841552012518695
151,0.8146299691310237
152,2.0750116698566337
153,0.514856788115758
154,0.09997523999644879
155,1.8541706778987443
156,2.4214868503745755
157,0.2696995551304285
158,4.029699900690128
159,2.687858618522172
160,1.1506200071162056
161,0.7600579305365381
162,1.7046518128435206
163,1.4094454316200453
164,1.1346712652792161
165,2.68324616048111
166,0.6743734000555613
167,1.035857920286626
168,0.8085872661192344
169,0.40702580541698263
170,2.637085975014591
171,1.5563941434663353
172,1.9220618994721945
173,1.9329028792356175
174,2.1572239653924328
175,2.545534058714215
176,1.2034054267094105
177,0.907883339705741
178,0.6966230695790362
179,0.5462206246480603
180,0.6409924194253079
181,4.624007272911947
182,1.1831575504360055
183,1.1004763526521342
184,1.7506883499625328
185,1.0064312033278924
186,1.0394619363975643
187,1.349893749805503
188,1.962682747593077
189,0.04517258982547872
190,0.30235603802788824
191,0.8591024942781643
192,0.6226183328743133
193,1.2716209778259846
194,2.844831686417581
195,1.253819244379104
196,0.3030909933754703
197,1.5907684493786483
198,0.12552564358464877
199,0.6574113255669497
200,0.9328999668525324
201,1.2808165955442323
202,0.3836998688429863
203,0.5679480511746322
204,0.686064114141362
205,1.2247165413313192
206,0.9965076263944302
207,2.368827722317566
208,1.3242793404437954
209,0.3488390852256649
210,1.4248445224295532
211,0.5556275767964568
212,2.8223391091556027
213,0.7659827127266505
214,2.3912057458707667
215,0.32746510669078577
216,1.7019262296467559
217,0.2219782504014588
218,1.0296718012785828
219,0.38122165978948963
220,0.5949440458156242
221,4.732505016072721
222,0.7323258156435707
223,1.2238070623857678
224,-0.25995484754912573
225,3.782181493696474
226,1.3457340241031979
227,0.1355307009283979
228,0.48094004143956015
229,0.43070286138601865
230,0.7421348812760216
231,3.3710603760835727
232,-0.18369685944508418
233,0.4814284040942659
234,1.2257242037512208
235,0.9897282809212549
236,0.38535913531184157
237,2.6955653493673415
238,1.2737084014337234
239,0.289478526864128
240,1.1260136801353668
241,-0.046297871934759774
242,1.1735779812333305
243,0.957698633052302
244,0.8935625213886149
245,1.8806980751856985
246,1.098418911657711
247,0.5150024098942948
248,2.610999186420319
249,0.3911733656636605
250,1.0050642051867815
251,0.8872881256979445
252,2.39866573487155
253,1.5481617222544568
254,0.9602897397773641
255,1.4318819786665007
256,0.28918333925520345
257,0.8888056964864197
258,1.5059948357225952
259,1.1670112748588137
260,1.5851338485377713
261,0.5313898505679745
262,1.89635418666767
263,1.7323775515895354
264,0.9065525951431928
265,1.1599354582512131
266,0.9850881342859685
267,0.8334992219393185
268,1.7409860519505898
269,2.045936874751474
270,0.7403056092769625
271,2.111781932474255
272,3.2617642969730514
273,0.3434361967458507
274,2.337156660146535
275,0.862572952836254
276,3.7511207234028343
277,2.1958685952108605
278,2.5955411078363824
279,1.2683594979134463
280,1.6570254332963923
281,0.8953336456450985
282,0.7730265253093901
283,1.629747496728229
284,0.24586512803950664
285,2.1211792611808353
286,3.3566504614786474
287,3.342878913252775
288,1.192525978808081
289,0.06582667958762695
290,3.602843311013318
291,0.8703714364920794
292,1.390085998820928
293,0.08223506071556773
294,1.6962271219473257
295,1.935081607825884
296,1.8952621693063867
297,0.63576957322449
298,1.8242213749270302
299,0.3144041813288634
300,1.1134870769005554
301,0.5094384811279064
302,0.5080954736449866
303,0.7785174520220057
304,1.0983419706447002
305,1.121594097931983
306,0.008437250600978715
307,-0.04254515309965656
308,2.471028378083604
309,0.596372686474279
310,2.987093128533629
311,0.4889399313311192
312,0.4053766074283097
313,0.1110352351924817
314,1.2223945865473764
315,1.2514481652551805
316,3.6294902780992797
317,0.38465220155562324
318,0.4500759225823409
319,0.8000986072215328
320,1.0142153687810844
321,4.889268128400819
322,1.2469024576797751
323,0.5283967976903295
324,0.9420729625040513
325,0.8688104231839173
326,1.1147061610597886
327,1.8713671714837852
328,3.805487295630903
329,1.4946010457872192
330,2.058155245649014
331,0.4255801362608156
332,0.658881126026743
333,1.786814530545977
334,0.9534658974571802
335,0.3897824640385933
336,1.681787261553556
337,1.174797642185108
338,0.8920284805951412
339,1.9859077438517623
340,1.2211277712944337
341,1.26104726879068
342,1.1542230115767675
343,2.018526971057881
344,0.520822573935837
345,1.8346878354452323
346,0.3253897280906619
347,0.8306829193222545
348,1.3519353121661712
349,3.3234877190844836
350,1.2713491496898148
351,0.3914415611883369
352,3.996741688957595
353,0.5288352470793107
354,1.6949630682477097
355,1.4161970646840485
356,1.6820777125139201
357,2.3834374965008793
358,2.189799842600438
359,1.2726634296048263
360,0.665230451678896
361,0.5976310479408972
362,0.8211044993768927
363,0.9492068784181193
364,1.9870726068588829
365,2.445918129999793
366,1.8500923525288506
367,1.9518771627308769
368,0.7105095759665939
369,2.7523202146233468
370,2.312732996360397
371,0.8155539418135501
372,3.545064811669543
373,1.815042330818783
374,0.733140033456259
375,0.29623664586069864
376,-0.45006409241495904
377,2.7680227312554306
378,1.3624916933742752
379,0.8265825117197099
380,0.9242515362678458
381,0.4283292523955117
382,0.7959638469365948
383,0.3856250993778524
384,0.006212545179371132
385,0.8482310379278826
386,2.485223802125331
387,1.7829146649427465
388,1.9444398102617648
389,1.1061436767925363
390,1.1860741956853784
391,3.223413047512003
392,0.9514114468715588
393,0.774365442400277
394,0.37358773292614944
395,3.7372014433041114
396,0.7664404868593957
397,0.6351887016760888
398,-0.016672805351074325
399,0.2711252241377601
400,0.5371209197096659
401,1.0050658113067963
402,1.1583303211580684
403,0.03661185234455783
404,0.5938225605428308
405,1.0618372910108311
406,2.2716778555070243
407,1.744421625856629
408,1.180739208776155
409,0.3290448564659023
410,0.40889811711098284
411,0.5385680264828342
412,0.8092668366726903
413,2.0332108135641827
414,0.34709659181211155
415,1.4275596839561204
416,1.6020402575571961
417,0.30662879173651136
418,2.1208293535770957
419,0.433494692976698
420,1.0734130300281337
421,0.5847541493733195
422,1.1051337410174011
423,1.30616644708269
424,3.6966934751956697
425,2.4300397142316252
426,-0.0009087377081879545
427,0.5660807099154698
428,1.2491020796056835
429,0.6670778534961422
430,-0.40383812558537285
431,0.16091346132299914
432,1.6721006837966812
433,2.646810588617692
434,0.7565366497056795
435,0.40867065713884687
436,1.1326960200461649
437,1.2334806134025602
438,2.632903234201821
439,3.1417871232648533
440,1.3092304196593274
441,0.04596530323319661
442,1.0510396121070251
443,0.8492279187642985
444,0.7892639185640491
445,1.4642702795077196
446,1.749405893505269
447,1.329242736222831
448,-0.06815133315459412
449,2.264730214005359
450,0.9790401391989385
451,1.5243906337629183
452,0.007439209875109796
453,0.5005309841458772
454,1.2703795860400593
455,1.4660359941592118
456,1.5713284149721054
457,1.0557034452949485
458,0.32771996301690953
459,0.5228666862190245
460,0.7939089948406283
461,0.2607895104420051
462,2.09600627644877
463,1.1969498555648768
464,0.4421364247756935
465,1.0462362228251247
466,0.8412599754915613
467,2.2282481851549787
468,1.4718510249791183
469,2.6592647949487533
470,0.7953260963045395
471,1.4002986183403248
472,3.150205850186741
473,1.2743088469433201
474,1.0351382877088757
475,1.3741015626199264
476,2.033479385549008
477,3.7457625387169724
478,0.41155312774669994
479,-0.015942320160863586
480,0.9562670154890441
481,0.1525059522607269
482,3.2534489387759313
483,3.0094229509035326
484,1.7385395498061362
485,0.8079500384815803
486,1.1733014624910725
487,1.6899987911278282
488,2.09280698754145
489,0.058092179357006134
490,1.696736398783455
491,0.4397426990185127
492,0.7830997998645306
493,1.5613940921064882
494,1.215807782388765
495,0.2595566466801356
496,1.467628431870944
497,1.9252580283090583
498,1.4070940483091436
499,0.8697271598972178
500,1.4075325226878956
501,1.3502090949740069
502,0.52748875600755
503,0.6962680478468906
504,2.937795648706334
505,2.0903121936315863
506,0.7652246273304635
507,1.385980172276348
508,1.3365242398658548
509,0.9106720432366138
510,0.40777786947839845
511,3.7254801386568555
512,1.411283206697605
513,2.4485956630983163
514,1.8715814026588622
515,1.0693997760948357
516,1.5976679564384946
517,1.5677645657928276
518,2.3646323110392315
519,0.913222179656462
520,1.1736237085325067
521,0.28525599914244293
522,1.6933997388678765
523,1.0675638458186496
524,3.667597889571285
525,0.23612728835141283
526,1.0883247475250906
527,0.7042968161299941
528,-0.05279453194515602
529,1.158754448433449
530,1.9258550944278674
531,2.3624372146743995
532,0.36635136559009257
533,1.436866428072253
534,2.6269186514939458
535,0.47685504377528987
536,2.26158683064039
537,1.671341075116294
538,1.7291740162712361
539,2.9213919650690308
540,1.0753940480238802
541,1.1496737093915903
542,2.9172874098841155
543,2.4971249846326606
544,1.82878072648152
545,-0.040167570760098296
546,0.007846909835354667
547,0.1431300704931236
548,1.4150731851094012
549,1.6487604482414309
550,1.2947228353257285
551,0.4613250655269945
552,2.888461692093185
553,0.3287448698347105
554,2.0138629553493193
555,2.2080431271644083
556,2.2551722330262853
557,0.26455911915806607
558,1.1054504156033325
559,0.2250918196157684
560,4.011721228220108
561,2.072739891455135
562,3.032801472020747
563,1.1307163653460401
564,0.39571752169130137
565,0.7365853184678839
566,0.5807808198013523
567,0.3194699470454979
568,0.7876457832345223
569,3.920608124613797
570,0.7535847412597508
571,0.20693136673748677
572,1.0828853548652582
573,1.2859026482796119
574,0.7138881469266889
575,2.7930045238935386
576,0.8130690919630923
577,0.6747816413597123
578,1.3801883402608683
579,-0.19585432962758692
580,0.05177948029948726
581,2.039375919587309
582,0.3308399165579534
583,2.5919296194328245
584,2.039479924613407
585,5.508861496681885
586,0.1022573126637712
587,0.3232694286611284
588,0.993220861526832
589,0.45257209707036444
590,0.5177435512101334
591,0.1346390267022511
592,0.5407644720296214
593,0.5302288204408067
594,0.675148966269134
595,4.664271278995221
596,2.676016316034343
597,1.6257380922099969
598,0.8486313287178862
599,0.20456250178100333
600,0.7360437626837292
601,2.190700768415134
602,0.05801779364566561
603,3.0062867661104637
604,0.38018428028294077
605,1.5680576421274954
606,1.0083656974422242
607,1.4539746206820205
608,0.22380273235945575
609,0.29952481788976293
610,0.9885736193519586
611,1.171303455429338
612,0.5949134012042786
613,2.683236760739734
614,1.8017411777981658
615,0.5841421535794757
616,0.3390716668093584
617,1.8351528869410096
618,2.4878608971032157
619,0.6590167788124304
620,1.4960918369204939
621,1.8003307983709795
622,2.2838658631008775
623,1.2552936908307764
624,0.41406252636600877
625,2.0471772009559155
626,1.9959703971327396
627,-0.005919873059534964
628,-0.25721964634707456
629,1.365781466166121
630,0.9220604841854066
631,1.088604739362536
632,1.9332434841886093
633,0.5635502913274795
634,0.7115453315299158
635,1.4550970148870497
636,1.076263506782175
637,1.8528134022191884
638,2.3447644955925626
639,2.557464140223098
640,0.7937203464135356
641,1.0288161071396589
642,0.4105531864685052
643,2.1053333212329384
644,0.9291343477743913
645,-0.022345573086239613
646,1.5408827968849663
647,0.2780903491182525
648,0.698330366475962
649,0.4108162574071483
650,1.522670996522097
651,1.9554772363440793
652,0.6518850226881551
653,1.113206018292616
654,0.2985763017269053
655,1.6234098885132175
656,0.9074100425913093
657,1.5900720183631436
658,0.3339985737677101
659,1.6712994827977936
660,2.857567169022031
661,1.7194375414495817
662,3.1024853452376706
663,2.1395502170395995
664,3.1461817559747134
665,1.09443202137318
666,2.6523500492145593
667,0.2927838005833101
668,1.7160365208051138
669,0.1594298434380363
670,0.6025873532286271
671,0.46363939779026186
672,0.7695894876513646
673,2.618007655254187
674,0.08632679283920834
675,0.47787343201076776
676,1.1815086713739085
677,2.090185641628614
678,1.288541992604859
679,1.012151500169754
680,1.176944644984269
681,1.597317586380159
682,0.36848757731260806
683,0.6974501228483451
684,1.4904691520086586
685,1.1978264685393674
686,0.7990681359172911
687,1.4264091013722282
688,0.45620721341696435
689,3.140066578612178
690,0.5946257081839041
691,0.9092122815118381
692,-0.17642529913476063
693,1.787615123983245
694,0.2255279809634153
695,3.3793336892308936
696,0.35825058629817824
697,0.6533429902175473
698,0.39646678770966287
699,3.5477999159607414
700,1.5388895611734819
701,0.8497251474549786
702,0.5159471233127747
703,0.6761184254371032
704,1.8916273089035596
705,4.596701228209331
706,2.2240264597312454
707,2.518568059852979
708,2.64181379774706
709,0.9851243022997954
710,1.4279585979380505
711,1.3240258445808955
712,3.8920265987056415
713,0.07968769904230047
714,0.14010819583600903
715,1.0850240375900573
716,0.7321362056168325
717,1.1819949785352024
718,0.6086192461857306
719,1.8614095180242658
720,4.495456521017209
721,2.2243062309651713
722,0.4178527240813438
723,0.5497843200995605
724,1.7119336038905058
725,2.905952153134042
726,0.9043484545968093
727,1.4720575409604197
728,0.11278321387796535
729,-0.2807310345895228
730,0.9133804683199634
731,2.265612912568196
732,0.19171301387730336
733,2.846095182815173
734,1.0111427411990923
735,0.4135772558132725
736,2.2463517532088235
737,0.9439706678138758
738,1.9936026160959714
739,2.7311943431860493
740,1.0121458286754614
741,1.3141612698508904
742,2.08686636654759
743,1.048934391802548
744,0.1256634867964411
745,2.8291966288831842
746,3.401525840445898
747,1.0874667019717144
748,1.531137247624467
749,1.258104603076595
750,2.4371965495483576
751,1.603369991372343
752,0.55908408085386
753,1.076268928248344
754,0.31850726197013934
755,0.8760431210330905
756,2.119773574277847
757,-0.11451432669843599
758,0.8387244872398737
759,1.6270832463344351
760,3.0424872772984375
761,0.020813820694913845
762,0.19588287422129833
763,0.32568073822860316
764,1.7271340396889494
765,1.8327590108519565
766,0.7610886790996482
767,0.8979382831394944
768,0.26085324020398065
769,1.933819885001903
770,0.673634520416257
771,1.1352157607941844
772,3.4729910307997107
773,0.4700018538617336
774,0.569079912677385
775,2.6125156945686463
776,0.8306231517224439
777,1.29266590974836
778,2.8616479069976077
779,0.7391578724541035
780,3.447684700123423
781,0.12776094529063303
782,1.7710437408924025
783,2.7112036672835758
784,1.520932087720312
785,1.7920484753724883
786,1.4358286470519468
787,0.9391436624011515
788,0.6166268139520525
789,2.682587075413745
790,0.5231497598406026
791,0.24983931098215392
792,0.9194687958722174
793,0.04631082722189804
794,2.7258393975566024
795,0.6438898448552746
796,-0.12882081600533613
797,2.084892688918337
798,1.3767161311572662
799,0.7027671986059377
800,1.2640609837098038
801,1.2850593444566003
802,1.1339661342640779
803,0.48585397063567454
804,2.1298152696933292
805,1.9521957433261345
806,1.4395774875593
807,0.7426156802965315
808,0.968890637233849
809,0.22803317730606446
810,2.1612112202195286
811,0.7046997083047452
812,2.624375147018017
813,0.6163283949338393
814,0.14369552951264808
815,0.8966701256125528
816,0.9021404607756145
817,1.0493462769572877
818,0.791642306574648
819,1.810281483372853
820,3.4921044564727826
821,0.85635406626653
822,0.6633438820806365
823,1.4710922430261322
824,2.907917262506099
825,0.3843221382050967
826,1.3612936487579512
827,0.6598556636977488
828,0.5311874919345781
829,2.187285949289564
830,0.7449079608485962
831,1.2347258929762885
832,2.8811918454714243
833,0.4378725339649663
834,1.4835636075427499
835,1.92038292387957
836,1.3605245469694436
837,0.8601077000294162
838,2.1074218331708607
839,0.6753040608473555
840,1.7852737986708955
841,0.5569683849606347
842,0.6147384250360614
843,0.719638484343296
844,0.23264809813622941
845,2.4615984335850496
846,0.953376371296963
847,0.14620590640491019
848,0.6137425966762562
849,0.4504259518712741
850,1.524284285053578
851,-0.2877748098067595
852,0.07751802488109273
853,0.47181892241904233
854,1.1121562939893452
855,0.9473131246285278
856,3.0294968272864966
857,0.6792902220220377
858,0.2125390147550594
859,1.3571111361675863
860,0.17838319732609026
861,0.7219027182900378
862,0.5561205055679372
863,0.9286767709614996
864,1.2712366532038795
865,2.1902780695750974
866,0.690771387169282
867,2.738696158345556
868,0.5208594482567834
869,3.8733662597191647
870,1.1247836751355804
871,1.12372564412896
872,1.5941287358555285
873,1.662877353123099
874,1.0214191349297397
875,3.3414132376621226
876,2.0254578049170737
877,1.465714466487159
878,0.3898591775000709
879,0.6372636603524006
880,2.1635424576157787
881,2.1824472898069724
882,1.2111010232927018
883,1.306840975613376
884,2.4096385515713274
885,0.6228986534616364
886,0.8966250373161523
887,0.2854355236323105
888,-0.01906353326604078
889,0.8536716515372814
890,0.060701214440186585
891,1.4188247401901941
892,2.743931552470177
893,1.1517257515890342
894,2.9925750492026912
895,0.5396129541058821
896,0.7188620247619604
897,2.2712823604976173
898,0.2797205478284482
899,2.4800755544687854
900,0.9744393104246966
901,1.1974147136906415
902,1.387997763200485
903,0.12005987740675748
904,0.3254408358965364
905,1.380624506448117
906,2.4471371740327803
907,1.1527166526448953
908,1.6487497268855025
909,1.7001287073257405
910,0.8057169056749139
911,0.026025971815758685
912,3.948182384386114
913,0.24020370042450653
914,0.5676904499995077
915,0.5179351077471377
916,2.840187501259101
917,2.057903329184791
918,0.21873182101803806
919,0.6624451077162637
920,1.5782716441099869
921,2.013352045881166
922,-0.2034688105568501
923,5.1862376903616925
924,2.4898714926603107
925,0.24530157059416666
926,0.5427206154721934
927,0.2260046513515778
928,1.9208661049359381
929,0.8385379565812903
930,1.0545985440213896
931,1.7813551514323869
932,1.2482217278919099
933,0.6633960535526177
934,1.4064120115105077
935,4.6466098135060605
936,2.807089002937968
937,3.269586386831201
938,0.5552882831665578
939,1.1942411095021404
940,1.1147754569429231
941,1.5978548803061539
942,1.2234825612571405
943,1.4348820394651098
944,0.6817425336569476
945,1.2539757896031003
946,3.3721674129978094
947,0.6339521523011034
948,3.2937940280375386
949,2.856661482508779
950,0.5693556163746353
951,1.642862859806647
952,0.4111875938377673
953,1.0917052804318106
954,1.0972011849230883
955,0.36107137340251877
956,1.3918535460201533
957,3.784473467064694
958,1.2512694183441486
959,2.089961252407642
960,1.1329863738193005
961,0.8082639100535457
962,1.8960355048199462
963,0.5477550453303842
964,0.2970420135840031
965,1.188257650499271
966,0.9818835062382961
967,2.4027006273356415
968,0.9401173017716044
969,0.11516937324464382
970,3.2278035618338308
971,0.5092187943164501
972,1.7922862875928038
973,0.3811256398006549
974,1.838013079792102
975,0.6227892714997296
976,1.3146595191942798
977,1.3836786181281395
978,0.41389820131489297
979,2.9372120948393943
980,3.1361995298723553
981,1.6569614171972762
982,2.2283213398131143
983,3.077297725173094
984,0.0831328330415694
985,0.3419315769009839
986,1.4462332038626233
987,0.7426543457608895
988,0.09510454266563723
989,0.4483715562817695
990,0.48976220054861863
991,1.6187716883046877
992,2.6759313271748497
993,0.40641153491221604
994,1.851379050497161
995,0.684003184340218
996,1.5143568522744397
997,1.9375014020501988
998,1.2942484487679558
999,0.975766212880626
1000,2.6182612543120913
1001,1.6238544004064117
1002,1.0876057039211926
1003,3.4198780481261744
1004,0.6192823691790124
1005,1.2395400203162772
1006,1.478043247604487
1007,1.737483856201414
1008,1.0202250191469524
1009,0.7858114298118104
1010,1.0917501061696229
1011,4.791868876750241
1012,0.7479425652801504
1013,2.242151064042611
1014,0.1549010196846399
1015,1.1559071892278214
1016,1.5005385749171682
1017,1.224341750438411
1018,1.3632932898828969
1019,1.043385857314186
1020,0.48936250626929667
1021,4.709511216333802
1022,2.3645352469767493
1023,1.0306367267469911
1024,0.931102558485137
1025,1.7779891552197056
1026,1.1892537236300842
1027,1.3014284480844196
1028,0.18273220466004214
1029,0.7918889747424745
1030,-0.3085493947830014
1031,1.4473181672556406
1032,1.4810596060438797
1033,0.8291258606462709
1034,1.656916334245771
1035,0.14468602902112238
1036,-0.39474511545808816
1037,1.3434263179044834
1038,2.0784903911505426
1039,0.8614576961481881
1040,2.194703259058986
1041,0.19119261173461086
1042,-0.2967604240385614
1043,1.1941488133619413
1044,1.5523885959915449
1045,4.870745659846484
1046,1.9774501709345418
1047,2.07135584263625
1048,2.208866496362529
1049,0.20324680171426687
1050,1.984408149794906
1051,2.1102709824589994
1052,0.31178157235439646
1053,0.8007558787267457
1054,0.6551197433003147
1055,1.5010472407080315
1056,3.1588365459523766
1057,1.1785710024279499
1058,-0.34548652859244516
1059,0.10926976824092688
1060,0.7141943244748189
1061,2.7124741331604185
1062,1.3144991082705
1063,0.8319624833454156
1064,0.6539661401337489
1065,1.3971796705324426
1066,0.650328890612487
1067,1.220465836224747
1068,2.400919348425977
1069,1.8202373762908495
1070,1.2594862518918242
1071,1.7860819027899193
1072,1.3308309088670214
1073,0.1775694168226451
1074,1.0485740017209526
1075,0.11147081842511523
1076,0.6849784093330834
1077,0.3770282619108113
1078,0.9916101368508742
1079,1.5631029538879566
1080,0.9542206393802776
1081,2.3147632278153365
1082,2.953906481404166
1083,1.4660948143449415
1084,0.8956444021329278
1085,2.1931033812738896
1086,2.5731714691652567
1087,0.5990013253387181
1088,3.0840199041279432
1089,1.9118438584774502
1090,1.3822852967130146
1091,0.926222083473864
1092,0.367530828776658
1093,1.0536827043941481
1094,1.99038381567899
1095,0.6481240232115277
1096,0.30540027793773855
1097,0.9721501720149242
1098,2.117002613755094
1099,0.7065383124185967
1100,0.7439817267441033
1101,1.3172806673073774
1102,3.2374533644238177
1103,0.21119919738887835
1104,1.6357145877739105
1105,3.86010180273461
1106,0.9411381765893119
1107,2.270624793944079
1108,0.6414210839683152
1109,0.6362551641731554
1110,1.4892155964582374
1111,0.3229329968652142
1112,1.3585121146532226
1113,0.32089854516530736
1114,0.9481285849289404
1115,1.9769303464718433
1116,3.977717240347159
1117,4.097791103481958
1118,2.2505642746518295
1119,1.5862342720072873
1120,0.5343388211857414
1121,1.22027522584012
1122,2.237223139833933
1123,0.568727474468101
1124,0.4912972783695564
1125,-0.044481127384541984
1126,0.08833286169263169
1127,2.4673874564197145
1128,1.61065589143246
1129,0.9164277443666925
1130,0.6984421169241343
1131,1.391447577427384
1132,1.979891059292947
1133,0.9125619449250209
1134,2.685677736788514
1135,2.0189996581766416
1136,2.058123706169474
1137,-0.2581447633262693
1138,0.9797730021099609
1139,0.21658454657417842
1140,1.0520585379655905
1141,1.613795838373475
1142,1.9778720682160793
1143,1.1394316247724612
1144,2.3879256742793684
1145,1.7981751103778245
1146,0.5873091437411695
1147,2.5469955668170545
1148,3.220271051609302
1149,0.9465770732865347
1150,0.4926733345784099
1151,0.14676045310529637
1152,1.0351887370132296
1153,0.06522541641328951
1154,1.7300372933260801
1155,0.5086476194154507
1156,0.7863408285850452
1157,0.5393529869820864
1158,1.7803759475847107
1159,1.3626741747564446
1160,0.4249185709675815
1161,0.7741723470613283
1162,1.2287034160526915
1163,0.4136190417094926
1164,0.7103210897292341
1165,0.6996210789790075
1166,0.6540904486891606
1167,2.7020847494335847
1168,1.663599771215513
1169,0.4238229570924605
1170,2.095939328435428
1171,0.18408175783326777
1172,1.3888246607307306
1173,1.9831795048135288
1174,2.9586340503783086
1175,1.7228104724886293
1176,0.9973201796222269
1177,3.072478313153714
1178,1.8015513343020646
1179,1.5675620894391669
1180,-0.008888950689144902
1181,2.1328478828301516
1182,0.5390781781825484
1183,1.4545733918127646
1184,0.9734544177338993
1185,0.5212388070629957
1186,0.6667375908695213
1187,0.14840199742248983
1188,-0.31394137599814465
1189,0.29824747289130016
1190,0.0940116808946057
1191,2.6489965370409165
1192,0.6184240933350562
1193,-0.12159707743724317
1194,1.2036124334386935
1195,1.0903808788936122
1196,1.86233466358736
1197,1.243407725028266
1198,0.08476192673550521
1199,0.8469662657957777
1200,1.2816318346344906
1201,2.086130800824268
1202,1.4109797589173578
1203,0.2917664325357349
1204,1.5903625291644115
1205,0.033399814631268586
1206,1.41627128468529
1207,2.610880138083114
1208,0.8290344033433846
1209,0.2921811098462343
1210,1.2016346390859836
1211,0.18834753194920822
1212,2.461196070658091
1213,1.878288292759463
1214,1.806835757534049
1215,6.355339297735672
1216,3.3815229381078535
1217,3.703985675133657
1218,0.9712868141349518
1219,0.7687774428440565
1220,0.6174281111930634
1221,0.5116483162856467
1222,1.466972819435888
1223,1.2220519404515748
1224,1.9958186045270465
1225,0.8271592849424175
1226,0.5188152852456996
1227,3.291618221954141
1228,2.4788316984594796
1229,2.1892686893788285
1230,0.4753817020895702
1231,4.041549698872383
1232,0.8145837902671141
1233,0.06577523790341389
1234,1.4721808866796853
1235,0.17306548507131547
1236,2.0102183260813553
1237,0.42484311010827086
1238,2.3679159160692946
1239,0.738321210636872
1240,0.027417582407361515
1241,0.6243171269396609
1242,0.6712692460792091
1243,0.8800579174238802
1244,0.06335455270599802
1245,1.0841750347958998
1246,1.4181201138589392
1247,1.0416565678690126
1248,1.1757281387592817
1249,0.7334078417035694
1250,1.615740060104694
1251,0.6313944658017089
1252,0.05846972762597636
1253,1.1611561844020903
1254,0.6438582042470827
1255,1.4700946441432234
1256,1.0837518617386013
1257,1.3333223127362717
1258,0.8142193588205503
1259,2.542889922214635
1260,0.7986941136903607
1261,1.7326689029581583
1262,2.1896037833830833
1263,1.0063364642822008
1264,2.9019554760142623
1265,0.1602384589911555
1266,0.34416578184349467
1267,3.912261365917026
1268,0.8798645840101867
1269,0.7536870783401617
1270,3.3036601040206284
1271,1.8378945459035572
1272,1.5309896543556278
1273,1.1549348868325942
1274,1.1231120116845137
1275,1.5514519512582226
1276,1.8009744970291859
1277,0.8124365619685765
1278,2.0475869437674095
1279,0.4297229682695263
1280,1.5463918924489084
1281,1.3539450092590763
1282,0.5371222277694855
1283,1.5683574754985488
1284,0.7778518509500477
1285,0.48056388388129817
1286,1.644721367140618
1287,1.1616743203316617
1288,1.0995931126932856
1289,-0.05900557701911261
1290,0.18004860291245206
1291,1.2950065271861009
1292,2.478852571541763
1293,-0.01629878013481176
1294,1.9475270350199185
1295,1.0807063794704985
1296,3.0855512749477363
1297,1.307655701225414
1298,1.2441991183261523
1299,2.0691880466484003
1300,1.949582493582789
1301,4.453739300363242
1302,2.3764843637720015
1303,0.5777607654993314
1304,0.9831804708020004
1305,2.060936603861395
1306,-0.15409029652790718
1307,1.7473753212571326
1308,0.27597934079895936
1309,1.8753582298690348
1310,1.6855684917898845
1311,0.6652729342684026
1312,1.5589022473696819
1313,1.3030542935647764
1314,0.966575492791734
1315,0.23987922027548933
1316,0.7794871289696215
1317,1.356505490584464
1318,0.9269747963599703
1319,0.8271302557403383
1320,3.101437082329543
1321,0.55775486493841
1322,1.0577939980576794
1323,0.7576334969293511
1324,2.0380369598549457
1325,2.0721793555860626
1326,1.187640475653451
1327,2.1114223209073635
1328,0.10806391416283229
1329,3.718142921949616
1330,0.22292383196375895
1331,0.19542019943106487
1332,0.1913202222017033
1333,0.396746594124039
1334,0.9232006032952168
1335,2.7837565774926665
1336,1.1231605475923472
1337,1.4496600110893179
1338,2.1089504147015794
1339,1.740826269215082
1340,1.287628637828637
1341,0.19140990047706155
1342,0.7187080422362568
1343,0.8924727798435461
1344,0.5636680970307657
1345,0.9575487017634712
1346,1.8400577339383426
1347,1.2063287343917595
1348,0.3086403041855434
1349,1.0251957946283603
1350,-0.08930919259744768
1351,0.282039368719867
1352,1.8508862507318598
1353,1.6354068017382812
1354,1.0965788335447766
1355,1.6662404850302266
1356,1.1619697977935857
1357,1.4371249543101046
1358,1.0740694272130504
1359,0.6208747144203225
1360,0.24026600532129305
1361,1.2892453682893172
1362,0.31953673367971724
1363,0.8993904306685175
1364,1.042163828633755
1365,0.9623840796452525
1366,0.45780819086861013
1367,0.7277731999661017
1368,1.8131083570953828
1369,2.070005372356236
1370,1.3803200771719477
1371,1.039101863874238
1372,1.5378792756285904
1373,1.2881150099722094
1374,0.8755848512688948
1375,1.1649979641003105
1376,1.6799048471004527
1377,0.10321278487193343
1378,0.4126670146509601
1379,0.6628842856980001
1380,1.5994611616002066
1381,2.5400276940176703
1382,2.9405978139027673
1383,0.08669806158253622
1384,0.5902379091459616
1385,2.3999348220987033
1386,0.12698762708898426
1387,1.0446130488618446
1388,1.0828757194596677
1389,2.4879521631735435
1390,0.3785311630738589
1391,0.15715788363716854
1392,2.155705123071898
1393,1.5292861825639255
1394,0.4257852920788719
1395,2.533742180926878
1396,1.4638270919634162
1397,2.4909591932901307
1398,1.4953693680261329
1399,1.8802194157922258
1400,0.09067832099220735
1401,1.86872225719959
1402,1.170279878216736
1403,1.945532612766155
1404,1.8785424669669604
1405,0.6998853478329857
1406,1.2904228977460344
1407,1.0748893219120115
1408,1.3150969005828557
1409,2.5824185021951718
1410,2.1017526859568383
1411,1.27631235969751
1412,0.320721240145402
1413,1.292089071629556
1414,1.2475829580578761
1415,1.8937119086500902
1416,0.5831081106732801
1417,1.6215901253162575
1418,0.6792485250733066
1419,1.1829793545706828
1420,1.3169481714992
1421,1.4564725384918833
1422,0.7494228654351324
1423,1.1423593852071792
1424,4.054415111843999
1425,0.060307870512102714
1426,0.8121881033984407
1427,2.180072570868498
1428,0.948727065713442
1429,2.204466743178631
1430,1.4161756210494543
1431,0.5125451511096334
1432,1.0979491620193054
1433,3.6390651339349365
1434,0.41000130676924584
1435,2.6468950148640777
1436,4.994326297235049
1437,2.5936270773319534
1438,0.43959992859003905
1439,0.5989027323150453
1440,2.7864655492202766
1441,0.5731179480755061
1442,0.9443741611826536
1443,0.8146897538836174
1444,-0.19056729096873243
1445,1.2447787138837683
1446,0.6211472152526074
1447,0.21971128231005657
1448,0.5556855487461826
1449,1.4262596473392914
1450,0.22723422150661426
1451,0.31836108424093196
1452,1.708304775008051
1453,4.095955795120576
1454,1.2326812050649163
1455,1.916339833445069
1456,4.210377268848453
1457,1.9604314411925412
1458,0.33953508442918284
1459,0.23358835212171766
1460,-0.0775364110604345
1461,1.4366596980179551
1462,1.883391626546677
1463,1.218272482169145
1464,1.4429912057822376
1465,1.1775175433102028
1466,4.447121820433757
1467,2.8303203260069694
1468,1.646752621966344
1469,2.4773631957961135
1470,1.6979432759695503
1471,4.257020504057114
1472,1.9896615103629578
1473,0.9753990335031512
1474,1.835889601614597
1475,2.965963273469965
1476,0.8854152559603277
1477,1.5475671073601256
1478,0.5613682218080578
1479,2.637369610851574
1480,1.3170216707598672
1481,3.1650090885395703
1482,0.13600851105500944
1483,1.5062818920520904
1484,1.8847612975311585
1485,0.6350351493782398
1486,1.480718362026223
1487,1.0835149266907553
1488,3.49789307007056
1489,2.286057640777713
1490,1.4548398767103272
1491,2.889229124334423
1492,1.9641943973207958
1493,1.6074133091086247
1494,0.800334404694378
1495,0.924510265281576
1496,1.7385731390468147
1497,1.1600824977021547
1498,0.566108958806168
1499,0.21938348995563609
1500,3.6882843219575454
1501,1.3450722830327901
1502,2.4472129101487643
1503,1.245587161294356
1504,2.63494066478465
1505,1.0640699423925954
1506,1.4008978405411174
1507,1.9733218167568216
1508,1.700216905533654
1509,1.3124706864992353
1510,1.6004414768353477
1511,0.48394844443093565
1512,2.558256160924763
1513,1.2906195219262944
1514,0.21012460677202796
1515,1.4305888711494392
1516,1.3652142028734262
1517,3.864228485247874
1518,1.124066474781372
1519,2.1498605357675493
1520,0.79863294052385
1521,6.207081464323384
1522,0.7886393956918121
1523,0.44148092991190124
1524,1.4634935397811344
1525,0.72474423855976
1526,1.666245741237892
1527,1.8687523499950416
1528,1.2008236362731037
1529,1.648562340299642
1530,1.2512674524206184
1531,1.4253119121041715
1532,0.07469842259761239
1533,0.7065633178764106
1534,0.6070284627635328
1535,0.613889806891845
1536,1.1575217022362232
1537,1.4069428425753745
1538,0.8273563865532229
1539,2.3481449574309274
1540,0.2426211060248304
1541,0.35834696863863347
1542,0.3345183297631957
1543,0.7886457175052511
1544,0.8534097926092188
1545,1.367118027801916
1546,0.5843437969753082
1547,1.1491520267357627
1548,0.8160226173913656
1549,0.3807784609012395
1550,0.7114220533641437
1551,0.6673275592492952
1552,0.8387792021048026
1553,2.028139582784067
1554,-0.024306420953155283
1555,-0.11702842350264271
1556,1.27123015592735
1557,0.7943508729253091
1558,2.7630815468910392
1559,0.6051399803279675
1560,0.9701560814835305
1561,1.7386917100922765
1562,0.39386244467321185
1563,1.4826036890423189
1564,0.7896055464563191
1565,1.447433045844729
1566,1.82255255196662
1567,0.3758974063921418
1568,1.393322976792652
1569,0.6510474886399413
1570,1.7326868352582505
1571,1.7116316561973322
1572,1.1548889860005316
1573,0.9455990393489457
1574,2.0338536977243677
1575,1.1559429859715409
1576,0.8430299603889699
1577,1.4595920588203677
1578,1.3216186534570742
1579,0.2994814126566028
1580,0.8275909707480791
1581,0.32081185689046726
1582,0.08236609330958385
1583,-0.14912612223858415
1584,2.407325590608917
1585,0.6527261876521833
1586,1.3423220473835407
1587,1.5783934251240517
1588,0.579872280835393
1589,0.5410412182735203
1590,4.195973000618409
1591,0.4868268754787849
1592,1.5892057010999052
1593,2.5886430544399355
1594,1.5821459873409771
1595,0.5962655924096261
1596,1.06004833636815
1597,0.032997125419781934
1598,1.0574366489473346
1599,0.9695180373737161
1600,0.788195372569595
1601,1.4407945304230985
1602,1.6498900805622616
1603,1.6432250585561254
1604,0.992381675033527
1605,3.475612430641677
1606,1.5881961711208394
1607,0.46344226692145407
1608,0.04761313889623604
1609,1.9297600620394164
1610,2.391907932905855
1611,0.7614874578861607
1612,1.5522429471401233
1613,2.06584126213235
1614,1.0320157136574024
1615,0.7907312900671524
1616,0.17488178937777116
1617,1.8308305081594376
1618,1.1049946437389422
1619,2.646693393074455
1620,1.395689429364465
1621,0.8599355184193661
1622,0.538363139256861
1623,1.2497068622763878
1624,2.1497130540646268
1625,0.4364297676320049
1626,2.5887753753300373
1627,1.4175259989974154
1628,0.6244018328013277
1629,0.9104273732106596
1630,2.337761541651857
1631,0.8648109003338184
1632,1.7272710894952765
1633,0.7327570789702464
1634,1.257745266040212
1635,2.4724908217117343
1636,1.7236862614253143
1637,0.8275912674834279
1638,0.09166018496869019
1639,0.9220452928959364
1640,0.3423344556275781
1641,1.9769169757051597
1642,0.7391187818209237
1643,0.8308345156397003
1644,0.5582512908329352
1645,0.6314157710223934
1646,3.8533911953607247
1647,1.4035614903547797
1648,0.1645274259756611
1649,1.5882346064374377
1650,3.241060689013917
1651,1.2606485988919764
1652,0.45802596329421846
1653,1.0567862061715176
1654,0.9556760282090286
1655,0.8629420319518402
1656,1.5577886443670526
1657,1.0465148087065055
1658,1.9138968317209903
1659,0.029748386026896573
1660,0.6891686974884831
1661,1.1772599154646632
1662,0.5703944740483328
1663,1.9258900534422223
1664,0.8821383103521561
1665,2.3505425965684794
1666,1.0689563834996936
1667,1.1800907191763566
1668,0.24324337352766875
1669,1.0575869463105427
1670,1.9378220597918894
1671,2.41276559998161
1672,1.931892706012584
1673,-0.30850003029116874
1674,0.8282878294420141
1675,2.331759720618384
1676,0.17248203253092625
1677,1.7286434553958616
1678,1.0730447692376568
1679,1.4652811372127654
1680,-0.13645824595038133
1681,2.089316045609206
1682,3.2440431056235663
1683,1.5665321185607695
1684,1.9513846712955079
1685,1.8289325516374715
1686,-0.05653767795269326
1687,0.2785436336533063
1688,0.5437038475437422
1689,0.8754785240978327
1690,1.6544863419894922
1691,1.3306741116939538
1692,0.5083478743993585
1693,0.46050609945193804
1694,2.6283263437365165
1695,0.7554572606413983
1696,1.652832678575059
1697,0.6870208390849111
1698,2.4404511365581034
1699,0.8081645713471772
1700,1.1493510392285768
1701,2.1237509855606675
1702,2.4812095910568277
1703,0.6288505449237339
1704,2.834433912321919
1705,0.3577327985928334
1706,2.004154170072481
1707,1.7655629195924896
1708,1.3473185684135967
1709,0.683480168446728
1710,2.1087422061237877
1711,1.3572827995693173
1712,1.2458738411652905
1713,1.9011566391088144
1714,0.595787470536744
1715,4.035305876545293
1716,4.492484880449555
1717,1.0860895711413372
1718,1.4901024660866038
1719,2.162923682607778
1720,0.9004762673601306
1721,1.7381634977226517
1722,0.03108143706243941
1723,1.4767820205226494
1724,1.603086772454284
1725,2.001508353302275
1726,1.2260218957110256
1727,1.7355534514364084
1728,0.1110261928676709
1729,0.5261296772512745
1730,3.4391113872472
1731,-0.5409712833669039
1732,0.7501676515962641
1733,2.199787484842251
1734,0.34762991418800365
1735,1.921874695683745
1736,0.5644233756120203
1737,0.873993085734254
1738,3.8327458772553675
1739,3.6670468276937895
1740,0.35536502090772726
1741,0.6032090325799261
1742,0.36050320684749376
1743,0.6892811486288892
1744,0.2503621411741322
1745,0.9706721087658847
1746,1.0594679268951968
1747,0.8882450321900702
1748,1.8710700740763104
1749,1.8873599782935824
1750,2.079146879307549
1751,0.5042052544511318
1752,1.3707615973406566
1753,1.7513842509266027
1754,1.047132110012523
1755,1.1592607138684006
1756,1.3379055039275458
1757,0.464120035922624
1758,1.6360349186876628
1759,1.5060397395487937
1760,-0.31473420643799915
1761,0.5014434949689608
1762,2.6184177257809895
1763,1.6453902147421031
1764,0.5349544476759837
1765,0.9711924193351172
1766,0.9365146067640312
1767,1.437811162425866
1768,2.0780880792392074
1769,1.2893438263988894
1770,1.6586231512227496
1771,0.8364985486806379
1772,2.1606987206618737
1773,1.29680267129464
1774,1.2897995579472874
1775,1.6188804917625788
1776,0.3143110538538808
1777,0.7720103083449247
1778,1.9481573769949267
1779,0.41243437853906184
1780,1.1946473210928206
1781,0.885843631072744
1782,1.7489685358064524
1783,1.4155914899856037
1784,0.048680511459015134
1785,0.9248755462136492
1786,-0.07113787836158664
1787,1.8900674327250235
1788,1.2199725840249906
1789,2.0461879731235437
1790,3.6120154201378356
1791,1.5455894256241254
1792,3.2128297967181534
1793,0.5851512696853389
1794,0.727320572422646
1795,2.609190983658992
1796,0.1538425190641484
1797,4.757892801871681
1798,2.6996742582455946
1799,1.5334545187159867
1800,1.2479675225352032
1801,1.1982831634869158
1802,0.09947619376071196
1803,1.6083249226844774
1804,1.1175825315660155
1805,1.803868591221848
1806,1.3283016635036866
1807,0.9777210368803555
1808,0.3125352719964198
1809,2.2792626155447433
1810,0.9576234284942601
1811,1.8642662977600082
1812,2.239901035683725
1813,1.694698519085059
1814,1.7151573381809375
1815,-0.2556943442881695
1816,1.0091209795031264
1817,0.9647490988202994
1818,2.411697354564704
1819,1.921440549266045
1820,0.1586486712375814
1821,0.2640379064543331
1822,2.1196002986350377
1823,2.1830698206928623
1824,1.5730412508719402
1825,1.0893217853830963
1826,0.18397155476657293
1827,4.254922354664588
1828,1.9512670466085236
1829,0.4951582164509637
1830,0.8326648548214468
1831,0.6348701416919225
1832,1.4908992335757754
1833,3.2975318064100057
1834,0.6065785152424136
1835,0.47737477105168724
1836,1.1922836806093409
1837,2.3159827109951143
1838,-0.031244459175993736
1839,1.7395033917355276
1840,1.3176678900104932
1841,1.2689948388547754
1842,2.0999397347178137
1843,2.2399386282634164
1844,1.2773582101309429
1845,1.2293813183976838
1846,4.1546688825167335
1847,0.7874241622976862
1848,0.10678664885895417
1849,1.9293991279835008
1850,0.013933982933603564
1851,1.9189915824643984
1852,1.4258276330712119
1853,0.9216021045664103
1854,2.315781884834304
1855,1.2740691076614872
1856,0.70536341378431
1857,1.161926531884948
1858,0.4204247764643462
1859,1.9995917243154995
1860,0.5882462230504433
1861,3.4374416827801673
1862,1.0855340418209012
1863,0.10535089612794822
1864,2.7243663667582236
1865,1.7360016290020546
1866,0.7861510468974731
1867,3.5051953699381424
1868,0.04045557767446463
1869,1.4589946819757937
1870,2.709159159993985
1871,1.5503074942929453
1872,1.7048131661876782
1873,1.8873600411136182
1874,0.2707786436524116
1875,1.2786220051625385
1876,0.7085395929974642
1877,1.6158375228650268
1878,0.35748330315465465
1879,0.7635963398181572
1880,0.36630967109476764
1881,3.1878131604550544
1882,1.0134276703875784
1883,0.949042994147129
1884,1.0454413843114474
1885,3.9818065031148957
1886,0.7046273258387803
1887,2.989782496222995
1888,1.6823567324968638
1889,0.7381978516170409
1890,1.3001813236120066
1891,0.4951488609455496
1892,1.0586172240802147
1893,0.47279276782726126
1894,1.0270581216133214
1895,2.7247725916028274
1896,0.2640861317083889
1897,3.0664536372632125
1898,0.6096112376895431
1899,1.216786261591979
1900,2.1641320286330514
1901,1.9234039735379738
1902,1.3446228599226113
1903,1.4712526348103974
1904,0.18005708538331158
1905,0.1368105304534884
1906,2.7855411801264984
1907,0.9627123811708129
1908,0.7134874410053926
1909,2.5942858820924646
1910,1.344567700501338
1911,2.0946630261033463
1912,0.5741574623960094
1913,0.5716360286223638
1914,1.6561271937411668
1915,1.3649904516905673
1916,0.23665442293014177
1917,0.005261536412211129
1918,0.8484654471410844
1919,1.3334797098390345
1920,0.17408486156983008
1921,1.9160101668007892
1922,3.0605448929664423
1923,0.11739800984173016
1924,1.6889138724249746
1925,0.5524558520267949
1926,1.247812695338153
1927,1.8201650920693258
1928,2.454094160421708
1929,0.9364257748034108
1930,0.18822135253712385
1931,2.1582382989742537
1932,0.5273577243557925
1933,0.7770308319311819
1934,1.7771464898202218
1935,1.8699638765433468
1936,5.938658068107735
1937,0.3913948346949364
1938,2.3187821792103103
1939,4.112312508923827
1940,0.7200133708077664
1941,0.8108197061731846
1942,1.1902658526797716
1943,1.6780283520670816
1944,1.5678829485119157
1945,1.4734158224666936
1946,1.1101295673787028
1947,1.3359689966736614
1948,2.995298674913656
1949,1.3577781424220836
1950,0.8845693998281494
1951,2.414353055636261
1952,1.0133673169983275
1953,1.0110423189515934
1954,0.3931577071687575
1955,0.4781485499024297
1956,0.39396455283914905
1957,0.6391393134835922
1958,-0.10444397884635855
1959,1.2283597316282795
1960,0.7071962561111527
1961,1.1803870275759485
1962,2.3571860096525192
1963,1.1153862194330824
1964,1.5519352426915036
1965,0.7240519434275218
1966,0.9242185084007419
1967,0.9944749220854157
1968,2.4218268804220675
1969,1.0691746703246179
1970,0.40132959610986046
1971,0.1060036708146375
1972,0.51727254862538
1973,0.5078180691070185
1974,4.156423944503066
1975,0.8677300313066337
1976,1.0440023911055833
1977,0.3055738388900945
1978,1.3857056396201592
1979,1.912062347662637
1980,1.8208650852289616
1981,2.700882816359225
1982,1.6715941187348637
1983,0.7983773484333478
1984,0.5183590453505863
1985,1.0910174054225468
1986,0.5254813391196244
1987,1.9978665979839647
1988,1.56309701851438
1989,1.6467132691226625
1990,1.1393613055993388
1991,2.6820482635751164
1992,1.748010916045191
1993,0.8804193682196307
1994,0.5873907406780697
1995,0.17482447078787167
1996,1.2436759705619906
1997,2.1647992995439793
1998,1.3263670408851842
1999,0.023627880430678018
2000,1.6507204173721985
